code,name,market
	601857,中国石油,沪市
	300709,精研科技,深市
	688234,天岳先进,沪市
	605177,东亚药业,沪市
	600415,小商品城,沪市
	000995,皇台酒业,深市
	300639,凯普生物,深市
	300077,国民技术,深市
	600456,宝钛股份,沪市
	002039,黔源电力,深市
	301181,标榜股份,深市
	000982,中银绒业,深市
	601963,重庆银行,沪市
	603071,物产环能,沪市
	600097,开创国际,沪市
	002200,ST云投,深市
	300622,博士眼镜,深市
	600018,上港集团,沪市
	000811,冰轮环境,深市
	002032,苏泊尔,深市
	000541,佛山照明,深市
	300402,宝色股份,深市
	000951,中国重汽,深市
	000529,广弘控股,深市
	300146,汤臣倍健,深市
	000519,中兵红箭,深市
	300135,宝利国际,深市
	688378,奥来德,沪市
	688585,上纬新材,沪市
	688385,复旦微电,沪市
	002645,华宏科技,深市
	001696,宗申动力,深市
	600526,菲达环保,沪市
	600867,通化东宝,沪市
	600558,大西洋,沪市
	300105,龙源技术,深市
	002799,环球印务,深市
	002123,梦网科技,深市
	300694,蠡湖股份,深市
	603722,阿科力,沪市
	600855,航天长峰,沪市
	002428,云南锗业,深市
	600958,东方证券,沪市
	603700,宁水集团,沪市
	603165,荣晟环保,沪市
	605162,新中港,沪市
	301016,雷尔伟,深市
	000800,一汽解放,深市
	600436,片仔癀,沪市
	600101,明星电力,沪市
	600775,南京熊猫,沪市
	600428,中远海特,沪市
	600879,航天电子,沪市
	600971,恒源煤电,沪市
	002400,省广集团,深市
	002585,双星新材,深市
	600584,长电科技,沪市
	002671,龙泉股份,深市
	300412,迦南科技,深市
	002850,科达利,深市
	002961,瑞达期货,深市
	600787,中储股份,沪市
	601766,中国中车,沪市
	600193,创兴资源,沪市
	600685,中船防务,沪市
	000157,中联重科,深市
	600006,东风汽车,沪市
	001872,招商港口,深市
	600368,五洲交通,沪市
	300327,中颖电子,深市
	002660,茂硕电源,深市
	601881,中国银河,沪市
	002818,富森美,深市
	002821,凯莱英,深市
	300620,光库科技,深市
	301045,天禄科技,深市
	688002,睿创微纳,沪市
	301035,润丰股份,深市
	605599,菜百股份,沪市
	688268,华特气体,沪市
	301216,万凯新材,深市
	688778,厦钨新能,沪市
	300009,安科生物,深市
	600135,乐凯胶片,沪市
	600635,大众公用,沪市
	000488,晨鸣纸业,深市
	000776,广发证券,深市
	002300,太阳电缆,深市
	002541,鸿路钢构,深市
	300398,飞凯材料,深市
	603063,禾望电气,沪市
	601015,陕西黑猫,沪市
	300243,瑞丰高材,深市
	601179,中国西电,沪市
	000859,国风新材,深市
	600061,国投资本,沪市
	600127,金健米业,沪市
	600663,陆家嘴,沪市
	600648,外高桥,沪市
	300659,中孚信息,深市
	300530,ST达志,深市
	300851,交大思诺,深市
	603982,泉峰汽车,沪市
	300829,金丹科技,深市
	600938,中国海油,沪市
	688425,铁建重工,沪市
	600372,中航电子,沪市
	000402,金融街,深市
	000002,万科A,深市
	600380,健康元,沪市
	600313,农发种业,沪市
	600883,博闻科技,沪市
	002537,海联金汇,深市
	002372,伟星新材,深市
	002440,闰土股份,深市
	300179,四方达,深市
	002598,山东章鼓,深市
	002616,长青集团,深市
	300557,理工光科,深市
	301011,华立科技,深市
	300940,南极光,深市
	603393,新天然气,沪市
	301288,清研环境,深市
	300926,博俊科技,深市
	688722,同益中,沪市
	002490,山东墨龙,深市
	002467,二六三,深市
	002847,盐津铺子,深市
	002319,乐通股份,深市
	300158,振东制药,深市
	300732,设研院,深市
	600355,精伦电子,沪市
	600499,科达制造,沪市
	000069,华侨城A,深市
	600118,中国卫星,沪市
	002265,西仪股份,深市
	600310,桂东电力,沪市
	002399,海普瑞,深市
	688981,中芯国际,沪市
	601827,三峰环境,沪市
	603069,海汽集团,沪市
	688269,凯立新材,沪市
	603155,新亚强,沪市
	002943,宇晶股份,深市
	688661,和林微纳,沪市
	300748,金力永磁,深市
	603333,尚纬股份,沪市
	300579,数字认证,深市
	000585,ST东电,深市
	002534,西子洁能,深市
	600684,珠江股份,沪市
	600038,中直股份,沪市
	600379,宝光股份,沪市
	000901,航天科技,深市
	000903,云内动力,深市
	000528,柳工,深市
	600017,日照港,沪市
	300092,科新机电,深市
	300416,苏试试验,深市
	002247,聚力文化,深市
	002106,莱宝高科,深市
	000565,渝三峡A,深市
	002774,快意电梯,深市
	603319,湘油泵,沪市
	603127,昭衍新药,沪市
	601077,渝农商行,沪市
	600846,同济科技,沪市
	600570,恒生电子,沪市
	002008,大族激光,深市
	600730,中国高科,沪市
	600810,神马股份,沪市
	600643,爱建集团,沪市
	600571,信雅达,沪市
	600543,莫高股份,沪市
	000715,中兴商业,深市
	600399,抚顺特钢,沪市
	600535,天士力,沪市
	600163,中闽能源,沪市
	601288,农业银行,沪市
	603555,ST贵人,沪市
	002559,亚威股份,深市
	603090,宏盛股份,沪市
	601211,国泰君安,沪市
	000166,申万宏源,深市
	002903,宇环数控,深市
	300938,信测标准,深市
	688050,爱博医疗,沪市
	688557,兰剑智能,沪市
	836892,广咨国际,京市
	300480,光力科技,深市
	300485,赛升药业,深市
	601162,天风证券,沪市
	002405,四维图新,深市
	601901,方正证券,沪市
	000555,神州信息,深市
	000637,茂化实华,深市
	000898,鞍钢股份,深市
	000875,吉电股份,深市
	600271,航天信息,沪市
	600495,晋西车轴,沪市
	600292,远达环保,沪市
	600774,汉商集团,沪市
	600519,贵州茅台,沪市
	601128,常熟银行,沪市
	002936,郑州银行,深市
	605198,德利股份,沪市
	301059,金三江,深市
	688360,德马科技,沪市
	000521,长虹美菱,深市
	600007,中国国贸,沪市
	600157,永泰能源,沪市
	600549,厦门钨业,沪市
	600350,山东高速,沪市
	600361,华联综超,沪市
	002256,兆新股份,深市
	300007,汉威科技,深市
	601390,中国中铁,沪市
	300114,中航电测,深市
	300575,中旗股份,深市
	603996,ST中新,沪市
	688012,中微公司,沪市
	601298,青岛港,沪市
	601658,邮储银行,沪市
	688278,特宝生物,沪市
	301008,宏昌科技,深市
	600531,豫光金铅,沪市
	600188,兖矿能源,沪市
	600129,太极集团,沪市
	000035,中国天楹,深市
	000014,沙河股份,深市
	000791,甘肃电投,深市
	600299,安迪苏,沪市
	600817,宇通重工,沪市
	600611,大众交通,沪市
	002960,青鸟消防,深市
	002715,登云股份,深市
	002908,德生科技,深市
	300946,恒而达,深市
	688148,芳源股份,沪市
	300711,广哈通信,深市
	688052,纳芯微,沪市
	603317,天味食品,沪市
	300389,艾比森,深市
	002910,庄园牧场,深市
	605050,福然德,沪市
	603157,ST拉夏,沪市
	601528,瑞丰银行,沪市
	301148,嘉戎技术,深市
	600421,华嵘控股,沪市
	002389,航天彩虹,深市
	600323,瀚蓝环境,沪市
	600676,交运股份,沪市
	000880,潍柴重机,深市
	600081,东风科技,沪市
	002404,嘉欣丝绸,深市
	300378,鼎捷软件,深市
	002928,华夏航空,深市
	601236,红塔证券,沪市
	601155,新城控股,沪市
	300597,吉大通信,深市
	300678,中科信息,深市
	000009,中国宝安,深市
	000505,京粮控股,深市
	000756,新华制药,深市
	000597,东北制药,深市
	002376,新北洋,深市
	000885,城发环境,深市
	600184,光电股份,沪市
	600653,申华控股,沪市
	600358,国旅联合,沪市
	300073,当升科技,深市
	601208,东材科技,沪市
	300375,鹏翎股份,深市
	300286,安科瑞,深市
	300481,濮阳惠成,深市
	831305,海希通讯,京市
	688091,上海谊众,沪市
	688300,联瑞新材,沪市
	688025,杰普特,沪市
	300771,智莱科技,深市
	600889,南京化纤,沪市
	002030,达安基因,深市
	002148,北纬科技,深市
	601111,中国国航,沪市
	600502,安徽建工,沪市
	600875,东方电气,沪市
	000978,桂林旅游,深市
	600096,云天化,沪市
	600962,国投中鲁,沪市
	601727,上海电气,沪市
	601107,四川成渝,沪市
	600909,华安证券,沪市
	601828,美凯龙,沪市
	600935,华塑股份,沪市
	002891,中宠股份,深市
	300674,宇信科技,深市
	688048,长光华芯,沪市
	688386,泛亚微透,沪市
	688046,药康生物,沪市
	605488,福莱新材,沪市
	000993,闽东电力,深市
	600320,振华重工,沪市
	600026,中远海能,沪市
	600784,鲁银投资,沪市
	600425,青松建化,沪市
	600853,龙建股份,沪市
	601866,中远海发,沪市
	002179,中航光电,深市
	601186,中国铁建,沪市
	300026,红日药业,深市
	002288,超华科技,深市
	601377,兴业证券,沪市
	002460,赣锋锂业,深市
	601995,中金公司,沪市
	688819,天能股份,沪市
	605368,蓝天燃气,沪市
	301020,密封科技,深市
	603683,晶华新材,沪市
	002967,广电计量,深市
	603863,ST松炀,沪市
	002519,银河电子,深市
	300259,新天科技,深市
	002479,富春环保,深市
	601688,华泰证券,沪市
	002383,合众思壮,深市
	000921,海信家电,深市
	000725,京东方A,深市
	600258,首旅酒店,沪市
	600316,洪都航空,沪市
	600458,时代新材,沪市
	000722,湖南发展,深市
	600838,上海九百,沪市
	300838,浙江力诺,深市
	002352,顺丰控股,深市
	300351,永贵电器,深市
	601800,中国交建,沪市
	300456,赛微电子,深市
	600329,中新药业,沪市
	600308,华泰股份,沪市
	600138,中青旅,沪市
	600690,海尔智家,沪市
	600029,南方航空,沪市
	601238,广汽集团,沪市
	600249,两面针,沪市
	601005,重庆钢铁,沪市
	601333,广深铁路,沪市
	600235,民丰特纸,沪市
	002272,川润股份,深市
	600819,耀皮玻璃,沪市
	600986,浙文互联,沪市
	000553,安道麦A,深市
	000501,鄂武商A,深市
	600115,中国东航,沪市
	300110,华仁药业,深市
	000338,潍柴动力,深市
	002690,美亚光电,深市
	300346,南大光电,深市
	603043,广州酒家,沪市
	603997,继峰股份,沪市
	300996,普联软件,深市
	603767,中马传动,沪市
	301200,大族数控,深市
	301150,中一科技,深市
	001289,龙源电力,深市
	688325,赛微微电,沪市
	300516,久之洋,深市
	300656,民德电子,深市
	300594,朗进科技,深市
	601066,中信建投,沪市
	002533,金杯电工,深市
	002563,森马服饰,深市
	601398,工商银行,沪市
	601126,四方股份,沪市
	002595,豪迈科技,深市
	603368,柳药股份,沪市
	603258,电魂网络,沪市
	002152,广电运通,深市
	600403,ST大有,沪市
	600748,上实发展,沪市
	000590,启迪药业,深市
	300122,智飞生物,深市
	300847,中船汉光,深市
	601330,绿色动力,沪市
	688560,明冠新材,沪市
	301162,国能日新,深市
	301248,杰创智能,深市
	605020,永和股份,沪市
	603327,福蓉科技,沪市
	601187,厦门银行,沪市
	603212,赛伍技术,沪市
	300505,川金诺,深市
	600918,中泰证券,沪市
	002156,通富微电,深市
	002363,隆基机械,深市
	002373,千方科技,深市
	600871,石化油服,沪市
	002349,精华制药,深市
	000546,金圆股份,深市
	000782,美达股份,深市
	000011,深物业A,深市
	601607,上海医药,沪市
	600882,妙可蓝多,沪市
	603987,康德莱,沪市
	600657,信达地产,沪市
	603967,中创物流,沪市
	601916,浙商银行,沪市
	300508,维宏股份,深市
	603877,太平鸟,沪市
	301207,华兰疫苗,深市
	834682,球冠电缆,京市
	832885,星辰科技,京市
	830964,润农节水,京市
	838275,驱动力,京市
	002421,达实智能,深市
	300130,新国都,深市
	002596,海南瑞泽,深市
	603167,渤海轮渡,沪市
	002693,双成药业,深市
	002829,星网宇达,深市
	002745,木林森,深市
	300533,冰川网络,深市
	600801,华新水泥,沪市
	300827,上能电气,深市
	002723,金莱特,深市
	002462,嘉事堂,深市
	002007,华兰生物,深市
	002132,恒星科技,深市
	300582,英飞特,深市
	000049,德赛电池,深市
	600488,天药股份,沪市
	000683,远兴能源,深市
	600837,海通证券,沪市
	688005,容百科技,沪市
	605169,洪通燃气,沪市
	300617,安靠智电,深市
	601880,辽港股份,沪市
	002628,成都路桥,深市
	600876,洛阳玻璃,沪市
	002457,青龙管业,深市
	002020,京新药业,深市
	600621,华鑫股份,沪市
	000878,云南铜业,深市
	000559,万向钱潮,深市
	688569,铁科轨道,沪市
	834021,流金岁月,京市
	002727,一心堂,深市
	603166,福达股份,沪市
	000988,华工科技,深市
	002264,新华都,深市
	000055,方大集团,深市
	002678,珠江钢琴,深市
	301187,欧圣电气,深市
	003008,开普检测,深市
	002807,江阴银行,深市
	688686,奥普特,沪市
	601598,中国外运,沪市
	002937,兴瑞科技,深市
	300818,耐普矿机,深市
	601618,中国中冶,沪市
	000927,中国铁物,深市
	002099,海翔药业,深市
	300788,中信出版,深市
	603369,今世缘,沪市
	300016,北陆药业,深市
	002242,九阳股份,深市
	000028,国药一致,深市
	000633,合金投资,深市
	688161,威高骨科,沪市
	601279,英利汽车,沪市
	002060,粤水电,深市
	600548,深高速,沪市
	600392,盛和资源,沪市
	300401,花园生物,深市
	300373,扬杰科技,深市
	603929,亚翔集成,沪市
	688331,荣昌生物,沪市
	688279,峰G科技,沪市
	688187,时代电气,沪市
	688321,微芯生物,沪市
	601908,京运通,沪市
	002658,雪迪龙,深市
	000833,粤桂股份,深市
	600033,福建高速,沪市
	603301,振德医疗,沪市
	300905,宝丽迪,深市
	000016,深康佳A,深市
	600206,有研新材,沪市
	000698,沈阳化工,深市
	002194,武汉凡谷,深市
	300127,银河磁体,深市
	601018,宁波港,沪市
	002594,比亚迪,深市
	600073,上海梅林,沪市
	600598,北大荒,沪市
	601991,大唐发电,沪市
	002623,亚玛顿,深市
	603227,雪峰科技,沪市
	601633,长城汽车,沪市
	600125,铁龙物流,沪市
	003013,地铁设计,深市
	003004,声迅股份,深市
	301113,雅艺科技,深市
	688561,奇安信,沪市
	688659,元琛科技,沪市
	832735,德源药业,京市
	835640,富士达,京市
	688308,欧科亿,沪市
	603815,交建股份,沪市
	300747,锐科激光,深市
	601988,中国银行,沪市
	600273,嘉化能源,沪市
	600039,四川路桥,沪市
	001218,丽臣实业,深市
	003022,联泓新科,深市
	002342,巨力索具,深市
	600016,民生银行,沪市
	600785,新华百货,沪市
	835185,贝特瑞,京市
	601696,中银证券,沪市
	002901,大博医疗,深市
	000550,江铃汽车,深市
	002367,康力电梯,深市
	601038,一拖股份,沪市
	601996,丰林集团,沪市
	603099,长白山,沪市
	002241,歌尔股份,深市
	300057,万顺新材,深市
	688521,芯原股份,沪市
	300638,广和通,深市
	601326,秦港股份,沪市
	688323,瑞华泰,沪市
	601868,中国能建,沪市
	300337,银邦股份,深市
	002577,雷柏科技,深市
	000404,长虹华意,深市
	600721,ST百花,沪市
	601939,建设银行,沪市
	002059,云南旅游,深市
	000897,津滨发展,深市
	688668,鼎通科技,沪市
	300891,惠云钛业,深市
	301052,果麦文化,深市
	300769,德方纳米,深市
	688016,心脉医疗,沪市
	601336,新华保险,沪市
	300846,首都在线,深市
	601811,新华文轩,沪市
	603267,鸿远电子,沪市
	601068,中铝国际,沪市
	605138,盛泰集团,沪市
	688606,奥泰生物,沪市
	600792,云煤能源,沪市
	002294,信立泰,深市
	002484,江海股份,深市
	002416,爱施德,深市
	300188,美亚柏科,深市
	600370,三房巷,沪市
	600183,生益科技,沪市
	600191,ST华资,沪市
	603612,索通发展,沪市
	300224,正海磁材,深市
	688776,国光电气,沪市
	003018,金富科技,深市
	301060,兰卫医学,深市
	688195,腾景科技,沪市
	688356,键凯科技,沪市
	300815,玉禾田,深市
	002988,豪美新材,深市
	605111,新洁能,沪市
	002430,杭氧股份,深市
	002012,凯恩股份,深市
	300354,东华测试,深市
	300347,泰格医药,深市
	601985,中国核电,沪市
	300249,依米康,深市
	603809,豪能股份,沪市
	603859,能科科技,沪市
	000513,丽珠集团,深市
	600460,士兰微,沪市
	000910,大亚圣象,深市
	600528,中铁工业,沪市
	002797,第一创业,深市
	688777,中控技术,沪市
	688568,中科星图,沪市
	688799,华纳药厂,沪市
	600131,国网信通,沪市
	600298,安琪酵母,沪市
	600486,扬农化工,沪市
	002692,ST远程,深市
	603565,中谷物流,沪市
	300595,欧普康视,深市
	688366,昊海生科,沪市
	000919,金陵药业,深市
	600724,宁波富达,沪市
	000837,秦川机床,深市
	688388,嘉元科技,沪市
	688236,春立医疗,沪市
	605123,派克新材,沪市
	301106,骏成科技,深市
	002966,苏州银行,深市
	688336,三生国健,沪市
	002968,新大正,深市
	603088,宁波精达,沪市
	300686,智动力,深市
	600845,宝信软件,沪市
	600547,山东黄金,沪市
	000768,中航西飞,深市
	600623,华谊集团,沪市
	600269,赣粤高速,沪市
	600012,皖通高速,沪市
	600030,中信证券,沪市
	603126,中材节能,沪市
	600884,杉杉股份,沪市
	688058,宝兰德,沪市
	688513,苑东生物,沪市
	600597,光明乳业,沪市
	600032,浙江新能,沪市
	688193,仁度生物,沪市
	000728,国元证券,深市
	600538,国发股份,沪市
	603659,璞泰来,沪市
	300235,方直科技,深市
	830946,森萱医药,京市
	002410,广联达,深市
	300138,晨光生物,深市
	300066,三川智慧,深市
	603300,华铁应急,沪市
	605277,新亚电子,沪市
	603899,晨光股份,沪市
	601975,招商南油,沪市
	600171,上海贝岭,沪市
	000060,中金岭南,深市
	000034,神州数码,深市
	300218,安利股份,深市
	002819,东方中科,深市
	300997,欢乐家,深市
	688505,复旦张江,沪市
	688601,力芯微,沪市
	688072,拓荆科技,沪市
	002839,张家港行,深市
	600760,中航沈飞,沪市
	000895,双汇发展,深市
	000933,神火股份,深市
	601689,拓普集团,沪市
	600066,宇通客车,沪市
	600496,精工钢构,沪市
	600103,青山纸业,沪市
	601717,郑煤机,沪市
	603876,鼎胜新材,沪市
	300755,华致酒行,深市
	603578,三星新材,沪市
	688151,华强科技,沪市
	605166,聚合顺,沪市
	600754,锦江酒店,沪市
	002101,广东鸿图,深市
	000816,智慧农业,深市
	002401,中远海科,深市
	688697,纽威数控,沪市
	688078,龙软科技,沪市
	600750,江中药业,沪市
	600111,北方稀土,沪市
	600130,波导股份,沪市
	000533,顺钠股份,深市
	603776,永安行,沪市
	002028,思源电气,深市
	300154,瑞凌股份,深市
	300885,海昌新材,深市
	603168,莎普爱思,沪市
	601231,环旭电子,沪市
	002054,德美化工,深市
	600888,新疆众和,沪市
	600490,鹏欣资源,沪市
	600857,宁波中百,沪市
	002226,江南化工,深市
	002240,盛新锂能,深市
	600278,东方创业,沪市
	603527,众源新材,沪市
	600602,云赛智联,沪市
	000962,东方钽业,深市
	300037,新宙邦,深市
	601666,平煤股份,沪市
	600426,华鲁恒升,沪市
	600866,星湖科技,沪市
	000039,中集集团,深市
	600267,海正药业,沪市
	600600,青岛啤酒,沪市
	300563,神宇股份,深市
	603886,元祖股份,沪市
	603199,九华旅游,沪市
	300614,百川畅银,深市
	688660,电气风电,沪市
	300857,协创数据,深市
	688209,英集芯,沪市
	603429,集友股份,沪市
	603268,松发股份,沪市
	300011,鼎汉技术,深市
	300184,力源信息,深市
	000680,山推股份,深市
	300087,荃银高科,深市
	000629,攀钢钒钛,深市
	603605,珀莱雅,沪市
	688009,中国通号,沪市
	688383,新益昌,沪市
	603966,法兰泰克,沪市
	601872,招商轮船,沪市
	605006,山东玻纤,沪市
	000099,中信海直,深市
	002703,浙江世宝,深市
	002947,恒铭达,深市
	688196,卓越新能,沪市
	688185,康希诺,沪市
	300501,海顺新材,深市
	600999,招商证券,沪市
	300790,宇瞳光学,深市
	603613,国联股份,沪市
	688511,天微电子,沪市
	688779,长远锂科,沪市
	600141,兴发集团,沪市
	600202,哈空调,沪市
	688326,经纬恒润,沪市
	600377,宁沪高速,沪市
	872925,锦好医疗,京市
	600219,南山铝业,沪市
	300759,康龙化成,深市
	600028,中国石化,沪市
	688690,纳微科技,沪市
	301071,力量钻石,深市
	605117,德业股份,沪市
	000534,万泽股份,深市
	601601,中国太保,沪市
	002119,康强电子,深市
	600438,通威股份,沪市
	600089,特变电工,沪市
	688662,富信科技,沪市
	600063,皖维高新,沪市
	300988,津荣天宇,深市
	688057,金达莱,沪市
	600618,氯碱化工,沪市
	000619,海螺型材,深市
	600673,东阳光,沪市
	000759,中百集团,深市
	002175,ST东网,深市
	600649,城投控股,沪市
	300265,通光线缆,深市
	002561,徐家汇,深市
	002234,民和股份,深市
	301002,崧盛股份,深市
	600650,锦江在线,沪市
	002202,金风科技,深市
	000737,北方铜业,深市
	600733,北汽蓝谷,沪市
	002948,青岛银行,深市
	000761,本钢板材,深市
	000969,安泰科技,深市
	600560,金自天正,沪市
	002232,启明信息,深市
	601008,连云港,沪市
	002066,瑞泰科技,深市
	002262,恩华药业,深市
	601200,上海环境,沪市
	603977,国泰集团,沪市
	000544,中原环保,深市
	000626,远大控股,深市
	000972,ST中基,深市
	002079,苏州固锝,深市
	300675,建科院,深市
	600362,江西铜业,沪市
	601328,交通银行,沪市
	603357,设计总院,沪市
	300119,瑞普生物,深市
	603657,春光科技,沪市
	000713,丰乐种业,深市
	300682,朗新科技,深市
	603933,睿能科技,沪市
	002672,东江环保,深市
	601818,光大银行,沪市
	601088,中国神华,沪市
	600647,同达创业,沪市
	000789,万年青,深市
	000762,西藏矿业,深市
	000973,佛塑科技,深市
	000928,中钢国际,深市
	600318,新力金融,沪市
	603758,秦安股份,沪市
	300741,华宝股份,深市
	003006,百亚股份,深市
	600828,茂业商业,沪市
	601799,星宇股份,沪市
	002465,海格通信,深市
	002683,广东宏大,深市
	600620,天宸股份,沪市
	600420,国药现代,沪市
	600563,法拉电子,沪市
	600375,汉马科技,沪市
	000938,紫光股份,深市
	000538,云南白药,深市
	002875,安奈儿,深市
	601375,中原证券,沪市
	300006,莱美药业,深市
	000423,东阿阿胶,深市
	600829,人民同泰,沪市
	601319,中国人保,沪市
	002149,西部材料,深市
	600027,华电国际,沪市
	002187,广百股份,深市
	300322,硕贝德,深市
	603367,辰欣药业,沪市
	002643,万润股份,深市
	600218,全柴动力,沪市
	600085,同仁堂,沪市
	600585,海螺水泥,沪市
	300019,硅宝科技,深市
	601608,中信重工,沪市
	601869,长飞光纤,沪市
	002945,华林证券,深市
	688106,金宏气体,沪市
	600713,南京医药,沪市
	600729,重庆百货,沪市
	000999,华润三九,深市
	600251,冠农股份,沪市
	600279,重庆港,沪市
	002758,浙农股份,深市
	002909,集泰股份,深市
	000970,中科三环,深市
	000514,渝开发,深市
	300363,博腾股份,深市
	601878,浙商证券,沪市
	600575,淮河能源,沪市
	600835,上海机电,沪市
	002050,三花智控,深市
	300852,四会富仕,深市
	301075,多瑞医药,深市
	002873,新天药业,深市
	000037,深南电A,深市
	300374,中铁装配,深市
	603713,密尔克卫,沪市
	301102,兆讯传媒,深市
	600825,新华传媒,沪市
	600268,国电南自,沪市
	301051,信濠光电,深市
	601166,兴业银行,沪市
	603458,勘设股份,沪市
	688183,生益电子,沪市
	601998,中信银行,沪市
	300414,中光防雷,深市
	300423,N辉科技,深市
	600717,天津港,沪市
	301039,中集车辆,深市
	301120,新特电气,深市
	688125,安达智能,沪市
	601808,中海油服,沪市
	002053,云南能投,深市
	600675,中华企业,沪市
	300233,金城医药,深市
	871553,凯腾精工,京市
	000952,广济药业,深市
	300650,太龙股份,深市
	002365,永安药业,深市
	300055,万邦达,深市
	002393,力生制药,深市
	000968,蓝焰控股,深市
	600727,鲁北化工,沪市
	605122,四方新材,沪市
	688139,海尔生物,沪市
	603031,安德利,沪市
	002253,川大智胜,深市
	300458,全志科技,深市
	603577,汇金通,沪市
	300222,科大智能,深市
	688314,康拓医疗,沪市
	002006,精功科技,深市
	601628,中国人寿,沪市
	600874,创业环保,沪市
	000822,山东海化,深市
	603727,博迈科,沪市
	603606,东方电缆,沪市
	301163,宏德股份,深市
	600644,乐山电力,沪市
	600508,上海能源,沪市
	600062,华润双鹤,沪市
	600814,杭州解百,沪市
	300457,赢合科技,深市
	601788,光大证券,沪市
	601456,国联证券,沪市
	002396,星网锐捷,深市
	601992,金隅集团,沪市
	002461,珠江啤酒,深市
	300036,超图软件,深市
	603288,海天味业,沪市
	688733,壹石通,沪市
	600418,江淮汽车,沪市
	000409,云鼎科技,深市
	000835,ST长动,深市
	836675,秉扬科技,京市
	300194,福安药业,深市
	002564,天沃科技,深市
	601898,中煤能源,沪市
	600808,马钢股份,沪市
	600354,敦煌种业,沪市
	600126,杭钢股份,沪市
	603222,济民医疗,沪市
	000532,华金资本,深市
	002136,安纳达,深市
	603677,奇精机械,沪市
	300445,康斯特,深市
	002243,力合科创,深市
	002532,天山铝业,深市
	600941,中国移动,沪市
	300824,北鼎股份,深市
	600688,上海石化,沪市
	002662,京威股份,深市
	002597,金禾实业,深市
	688589,力合微,沪市
	601001,晋控煤业,沪市
	300999,金龙鱼,深市
	002772,众兴菌业,深市
	600956,新天绿能,沪市
	603259,药明康德,沪市
	002449,国星光电,深市
	300471,厚普股份,深市
	603051,鹿山新材,沪市
	300206,理邦仪器,深市
	300722,新余国科,深市
	688111,金山办公,沪市
	873169,七丰精工,京市
	002026,山东威达,深市
	600970,中材国际,沪市
	600282,南钢股份,沪市
	002801,微光股份,深市
	002339,积成电子,深市
	002286,保龄宝,深市
	600196,复星医药,沪市
	000786,北新建材,深市
	300239,东宝生物,深市
	300795,ST米奥,深市
	603909,合诚股份,沪市
	600022,山东钢铁,沪市
	600037,歌华有线,沪市
	601138,工业富联,沪市
	002649,博彦科技,深市
	002982,湘佳股份,深市
	300294,博雅生物,深市
	601969,海南矿业,沪市
	603678,火炬电子,沪市
	600011,华能国际,沪市
	839729,永顺生物,京市
	603305,旭升股份,沪市
	688112,鼎阳科技,沪市
	300047,天源迪科,深市
	300957,贝泰妮,深市
	601600,中国铝业,沪市
	301279,金道科技,深市
	300636,同和药业,深市
	605058,澳弘电子,沪市
	603209,兴通股份,沪市
	601882,海天精工,沪市
	300229,拓尔思,深市
	600993,马应龙,沪市
	688285,高铁电气,沪市
	002463,沪电股份,深市
	003017,大洋生物,深市
	301109,军信股份,深市
	300502,新易盛,深市
	002155,湖南黄金,深市
	600470,六国化工,沪市
	002709,天赐材料,深市
	603013,亚普股份,沪市
	603122,合富中国,沪市
	300069,金利华电,深市
	688153,唯捷创芯,沪市
	688302,海创药业,沪市
	600655,豫园股份,沪市
	000524,岭南控股,深市
	000807,云铝股份,深市
	002064,华峰化学,深市
	300862,蓝盾光电,深市
	603893,瑞芯微,沪市
	001979,招商蛇口,深市
	600232,金鹰股份,沪市
	300787,海能实业,深市
	300517,海波重科,深市
	000877,天山股份,深市
	600705,中航产融,沪市
	002009,天奇股份,深市
	600898,ST美讯,沪市
	603719,良品铺子,沪市
	002237,恒邦股份,深市
	000810,创维数字,深市
	688077,大地熊,沪市
	002765,蓝黛科技,深市
	600284,浦东建设,沪市
	000868,安凯客车,深市
	002648,卫星化学,深市
	600714,金瑞矿业,沪市
	002139,拓邦股份,深市
	600596,新安股份,沪市
	300125,聆达股份,深市
	300727,润禾材料,深市
	600794,保税科技,沪市
	601886,江河集团,沪市
	002978,安宁股份,深市
	301049,超越科技,深市
	300821,东岳硅材,深市
	600980,北矿科技,沪市
	000819,岳阳兴长,深市
	601865,福莱特,沪市
	603950,长源东谷,沪市
	002245,蔚蓝锂芯,深市
	600435,北方导航,沪市
	600330,天通股份,沪市
	600995,文山电力,沪市
	002469,三维化学,深市
	000862,银星能源,深市
	000657,中钨高新,深市
	300131,英唐智控,深市
	603045,福达合金,沪市
	688501,青达环保,沪市
	002576,通达动力,深市
	600237,铜峰电子,沪市
	600583,海油工程,沪市
	603912,佳力图,沪市
	688197,首药控股,沪市
	688186,广大特材,沪市
	300900,广联航空,深市
	002759,天际股份,深市
	002629,仁智股份,深市
	002542,中化岩土,深市
	300212,易华录,深市
	688306,均普智能,沪市
	301135,瑞德智能,深市
	688238,和元生物,沪市
	300532,今天国际,深市
	301212,联盛化学,深市
	002866,传艺科技,深市
	002796,世嘉科技,深市
	600841,动力新科,沪市
	600861,北京城乡,沪市
	300640,德艺文创,深市
	603324,盛剑环境,沪市
	600176,中国巨石,沪市
	300059,东方财富,深市
	600588,用友网络,沪市
	603615,茶花股份,沪市
	601677,明泰铝业,沪市
	300562,乐心医疗,深市
	000608,阳光股份,深市
	002315,焦点科技,深市
	603993,洛阳钼业,沪市
	605286,同力日升,沪市
	000655,金岭矿业,深市
	002492,恒基达鑫,深市
	300767,震安科技,深市
	601899,紫金矿业,沪市
	600332,白云山,沪市
	003003,天元股份,深市
	600963,岳阳林纸,沪市
	300128,锦富技术,深市
	600036,招商银行,沪市
	600168,武汉控股,沪市
	300160,秀强股份,深市
	002560,通达股份,深市
	600422,昆药集团,沪市
	301040,中环海陆,深市
	300289,利德曼,深市
	600000,浦发银行,沪市
	300142,沃森生物,深市
	600728,佳都科技,沪市
	002926,华西证券,深市
	001216,华瓷股份,深市
	300697,电工合金,深市
	600449,宁夏建材,沪市
	600210,紫江企业,沪市
	002689,远大智能,深市
	300647,超频三,深市
	000407,胜利股份,深市
	002004,华邦健康,深市
	300121,阳谷华泰,深市
	002530,金财互联,深市
	600803,新奥股份,沪市
	600507,方大特钢,沪市
	603595,东尼电子,沪市
	002876,三利谱,深市
	002116,中国海诚,深市
	002345,潮宏基,深市
	603186,华正新材,沪市
	002666,德联集团,深市
	300559,佳发教育,深市
	833874,泰祥股份,京市
	600660,福耀玻璃,沪市
	603191,望变电气,沪市
	003816,中国广核,深市
	603881,数据港,沪市
	002231,奥维通信,深市
	002080,中材科技,深市
	001914,招商积余,深市
	002549,凯美特气,深市
	002838,道恩股份,深市
	002824,和胜股份,深市
	300765,新诺威,深市
	600386,北巴传媒,沪市
	600720,祁连山,沪市
	002478,常宝股份,深市
	002507,涪陵榨菜,深市
	000582,北部湾港,深市
	601728,中国电信,沪市
	003000,劲仔食品,深市
	603217,元利科技,沪市
	301179,泽宇智能,深市
	002664,长鹰信质,深市
	000825,太钢不锈,深市
	000029,深深房A,深市
	002865,钧达股份,深市
	603813,原尚股份,沪市
	600976,健民集团,沪市
	600151,航天机电,沪市
	603806,福斯特,沪市
	603392,万泰生物,沪市
	000750,国海证券,深市
	833819,颖泰生物,京市
	688059,华锐精密,沪市
	300786,国林科技,深市
	600933,爱柯迪,沪市
	000905,厦门港务,深市
	000520,长航凤凰,深市
	002114,罗平锌电,深市
	688508,芯朋微,沪市
	002879,长缆科技,深市
	002306,中科云网,深市
	601318,中国平安,沪市
	600860,京城股份,沪市
	000045,深纺织A,深市
	603866,桃李面包,沪市
	688276,百克生物,沪市
	688150,莱特光电,沪市
	000401,冀东水泥,深市
	600511,国药股份,沪市
	002480,新筑股份,深市
	300453,三鑫医疗,深市
	002938,鹏鼎控股,深市
	600207,安彩高科,沪市
	688337,普源精电,沪市
	001308,康冠科技,深市
	605098,行动教育,沪市
	301069,凯盛新材,深市
	301268,铭利达,深市
	000856,冀东装备,深市
	000959,首钢股份,深市
	688282,理工导航,沪市
	600348,华阳股份,沪市
	000661,长春高新,深市
	301151,冠龙节能,深市
	300688,创业黑马,深市
	601588,北辰实业,沪市
	002422,科伦药业,深市
	600315,上海家化,沪市
	688301,奕瑞科技,沪市
	002110,三钢闽光,深市
	871857,泓禧科技,京市
	002812,恩捷股份,深市
	002046,国机精工,深市
	002912,中新赛克,深市
	002073,软控股份,深市
	600862,中航高科,沪市
	600406,国电南瑞,沪市
	002167,东方锆业,深市
	301127,天源环保,深市
	688303,大全能源,沪市
	600353,旭光电子,沪市
	300919,中伟股份,深市
	002013,中航机电,深市
	000048,京基智农,深市
	002644,佛慈制药,深市
	600409,三友化工,沪市
	603919,金徽酒,沪市
	688207,格灵深瞳,沪市
	002041,登海种业,深市
	603198,迎驾贡酒,沪市
	002515,金字火腿,深市
	600702,舍得酒业,沪市
	600641,万业企业,沪市
	688295,中复神鹰,沪市
	600366,宁波韵升,沪市
	000429,粤高速A,深市
	603359,东珠生态,沪市
	300182,捷成股份,深市
	301007,德迈仕,深市
	603337,杰克股份,沪市
	002619,ST艾格,深市
	600516,方大炭素,沪市
	002731,萃华珠宝,深市
	003036,泰坦股份,深市
	603335,迪生力,沪市
	688239,航宇科技,沪市
	300887,谱尼测试,深市
	600309,万华化学,沪市
	002067,景兴纸业,深市
	002233,塔牌集团,深市
	688586,江航装备,沪市
	600749,西藏旅游,沪市
	002611,东方精工,深市
	301097,天益医疗,深市
	002996,顺博合金,深市
	300848,美瑞新材,深市
	603330,上海天洋,沪市
	605339,南侨食品,沪市
	300835,龙磁科技,深市
	600487,亨通光电,沪市
	002475,立讯精密,深市
	300223,北京君正,深市
	002420,毅昌科技,深市
	688350,富淼科技,沪市
	603339,四方科技,沪市
	600058,五矿发展,沪市
	000591,太阳能,深市
	002324,普利特,深市
	688102,斯瑞新材,沪市
	603078,江化微,沪市
	600765,中航重机,沪市
	603356,华菱精工,沪市
	000050,深天马A,深市
	603077,和邦生物,沪市
	603018,华设集团,沪市
	600178,东安动力,沪市
	002728,特一药业,深市
	601928,凤凰传媒,沪市
	002190,成飞集成,深市
	832225,利通科技,京市
	603589,口子窖,沪市
	688689,银河微电,沪市
	301096,百诚医药,深市
	301055,张小泉,深市
	600973,宝胜股份,沪市
	300345,华民股份,深市
	002916,深南电路,深市
	603093,南华期货,沪市
	601968,宝钢包装,沪市
	600523,贵航股份,沪市
	600746,江苏索普,沪市
	002283,天润工业,深市
	300721,怡达股份,深市
	603773,沃格光电,沪市
	000301,东方盛虹,深市
	002777,久远银海,深市
	300211,亿通科技,深市
	688536,思瑞浦,沪市
	603261,立航科技,沪市
	688175,高凌信息,沪市
	600873,梅花生物,沪市
	000567,海德股份,深市
	300571,平治信息,深市
	603290,斯达半导,沪市
	600113,浙江东日,沪市
	600306,ST商城,沪市
	603801,志邦家居,沪市
	603387,基蛋生物,沪市
	603986,兆易创新,沪市
	000795,英洛华,深市
	000568,泸州老窖,深市
	002162,悦心健康,深市
	600050,中国联通,沪市
	688598,金博股份,沪市
	603195,公牛集团,沪市
	002378,章源钨业,深市
	603103,横店影视,沪市
	002493,荣盛石化,深市
	603329,上海雅仕,沪市
	603055,台华新材,沪市
	002198,嘉应制药,深市
	601233,桐昆股份,沪市
	000792,盐湖股份,深市
	600761,安徽合力,沪市
	603477,巨星农牧,沪市
	605028,世茂能源,沪市
	002817,黄山胶囊,深市
	002867,周大生,深市
	603668,天马科技,沪市
	600211,西藏药业,沪市
	688363,华熙生物,沪市
	000708,中信特钢,深市
	600992,贵绳股份,沪市
	002056,横店东磁,深市
	000915,华特达因,深市
	600830,香溢融通,沪市
	600905,三峡能源,沪市
	603386,广东骏亚,沪市
	000100,TCL科技,深市
	000408,藏格矿业,深市
	002075,沙钢股份,深市
	688018,乐鑫科技,沪市
	301122,采纳股份,深市
	603156,养元饮品,沪市
	600433,冠豪高新,沪市
	600256,广汇能源,沪市
	600710,苏美达,沪市
	002326,永太科技,深市
	000596,古井贡酒,深市
	000062,深圳华强,深市
	688115,思林杰,沪市
	300871,回盛生物,深市
	601016,节能风电,沪市
	688617,惠泰医疗,沪市
	605259,绿田机械,沪市
	002320,海峡股份,深市
	002129,中环股份,深市
	002419,天虹股份,深市
	603889,新澳股份,沪市
	603726,朗迪集团,沪市
	600212,江泉实业,沪市
	836826,盖世食品,京市
	603303,得邦照明,沪市
	002185,华天科技,深市
	605299,舒华体育,沪市
	600885,宏发股份,沪市
	000096,广聚能源,深市
	002407,多氟多,深市
	300751,迈为股份,深市
	600926,杭州银行,沪市
	603712,七一二,沪市
	605208,永茂泰,沪市
	601226,华电重工,沪市
	002189,中光学,深市
	603658,安图生物,沪市
	300929,华骐环保,深市
	600552,凯盛科技,沪市
	605186,健麾信息,沪市
	605338,巴比食品,沪市
	603601,再升科技,沪市
	603025,大豪科技,沪市
	000858,五粮液,深市
	688037,芯源微,沪市
	603220,中贝通信,沪市
	603320,迪贝电气,沪市
	002346,柘中股份,深市
	300726,宏达电子,深市
	603938,三孚股份,沪市
	002273,水晶光电,深市
	000026,飞亚达,深市
	600603,广汇物流,沪市
	603535,嘉诚国际,沪市
	301263,泰恩康,深市
	300285,国瓷材料,深市
	603518,锦泓集团,沪市
	002206,海利得,深市
	605358,立昂微,沪市
	000783,长江证券,深市
	603908,牧高笛,沪市
	688600,皖仪科技,沪市
	300487,蓝晓科技,深市
	603239,浙江仙通,沪市
	000001,平安银行,深市
	000733,振华科技,深市
	000739,普洛药业,深市
	001205,盛航股份,深市
	603121,华培动力,沪市
	600989,宝丰能源,沪市
	002552,宝鼎科技,深市
	300304,云意电气,深市
	000707,双环科技,深市
	688163,赛伦生物,沪市
	688357,建龙微纳,沪市
	600848,上海临港,沪市
	603860,中公高科,沪市
	603360,百傲化学,沪市
	605377,华旺科技,沪市
	603901,永创智能,沪市
	300316,晶盛机电,深市
	002730,电光科技,深市
	000712,锦龙股份,深市
	301226,祥明智能,深市
	301258,富士莱,深市
	600480,凌云股份,沪市
	605180,华生科技,沪市
	603070,万控智造,沪市
	300842,帝科股份,深市
	300181,佐力药业,深市
	300692,中环环保,深市
	000063,中兴通讯,深市
	300217,东方电热,深市
	000586,汇源通信,深市
	600977,中国电影,沪市
	300896,爱美客,深市
	000065,北方国际,深市
	601100,恒立液压,沪市
	600681,百川能源,沪市
	301110,青木股份,深市
	002472,双环传动,深市
	000688,国城矿业,深市
	002398,垒知集团,深市
	300001,特锐德,深市
	300801,泰和科技,深市
	300437,清水源,深市
	603236,移远通信,沪市
	002033,丽江股份,深市
	600481,双良节能,沪市
	600592,龙溪股份,沪市
	000589,贵州轮胎,深市
	300772,运达股份,深市
	300712,永福股份,深市
	300446,ST乐材,深市
	300853,申昊科技,深市
	600319,ST亚星,沪市
	300281,金明精机,深市
	300303,聚飞光电,深市
	601555,东吴证券,沪市
	002258,利尔化学,深市
	002323,ST雅博,深市
	601699,潞安环能,沪市
	600300,ST维维,沪市
	300174,元力股份,深市
	002793,罗欣药业,深市
	000803,北清环能,深市
	605337,李子园,沪市
	002091,江苏国泰,深市
	600295,鄂尔多斯,沪市
	300834,星辉环材,深市
	000068,华控赛格,深市
	600546,山煤国际,沪市
	301237,和顺科技,深市
	000702,正虹科技,深市
	300496,中科创达,深市
	688281,华秦科技,沪市
	001203,大中矿业,深市
	600557,康缘药业,沪市
	605577,龙版传媒,沪市
	600662,外服控股,沪市
	600057,厦门象屿,沪市
	002942,新农股份,深市
	600895,张江高科,沪市
	603297,永新光学,沪市
	300890,翔丰华,深市
	601156,东航物流,沪市
	605136,丽人丽妆,沪市
	603826,坤彩科技,沪市
	300873,海晨股份,深市
	600850,电科数字,沪市
	603123,翠微股份,沪市
	600025,华能水电,沪市
	300013,新宁物流,深市
	600612,老凤祥,沪市
	600834,申通地铁,沪市
	601229,上海银行,沪市
	300979,华利集团,深市
	301137,哈焊华通,深市
	600255,鑫科材料,沪市
	605016,百龙创园,沪市
	301256,华融化学,深市
	688082,盛美上海,沪市
	601339,百隆东方,沪市
	603179,新泉股份,沪市
	301103,何氏眼科,深市
	000552,靖远煤电,深市
	600639,浦东金桥,沪市
	603648,畅联股份,沪市
	603508,思维列控,沪市
	600231,凌钢股份,沪市
	600955,维远股份,沪市
	000598,兴蓉环境,深市
	603680,今创集团,沪市
	601615,明阳智能,沪市
	605168,三人行,沪市
	300631,久吾高科,深市
	002347,泰尔股份,深市
	002511,中顺洁柔,深市
	300365,恒华科技,深市
	002429,兆驰股份,深市
	601702,华峰铝业,沪市
	300033,同花顺,深市
	300599,雄塑科技,深市
	601678,滨化股份,沪市
	002338,奥普光电,深市
	301219,腾远钴业,深市
	002201,正威新材,深市
	002843,泰嘉股份,深市
	300568,星源材质,深市
	300653,正海生物,深市
	301003,江苏博云,深市
	002735,王子新材,深市
	002268,卫士通,深市
	300625,三雄极光,深市
	600110,诺德股份,沪市
	002608,江苏国信,深市
	300720,海川智能,深市
	605189,富春染织,沪市
	688246,嘉和美康,沪市
	605499,东鹏饮料,沪市
	836260,中寰股份,京市
	830839,万通液压,京市
	836149,旭杰科技,京市
	688499,利元亨,沪市
	301047,义翘神州,深市
	300628,亿联网络,深市
	300418,昆仑万维,深市
	688786,悦安新材,沪市
	688079,美迪凯,沪市
	688178,万德斯,沪市
	300329,海伦钢琴,深市
	300112,万讯自控,深市
	688228,开普云,沪市
	688621,阳光诺和,沪市
	688728,格科微,沪市
	831832,科达自控,京市
	836077,吉林碳谷,京市
	300486,东杰智能,深市
	688039,当虹科技,沪市
	430090,同辉信息,京市
	688127,蓝特光学,沪市
	688565,力源科技,沪市
	688022,瀚川智能,沪市
	300685,艾德生物,深市
	002941,新疆交建,深市
	688136,科兴制药,沪市
	837092,汉鑫科技,京市
	688023,安恒信息,沪市
	688229,博睿数据,沪市
	600821,金开新能,沪市
	836263,中航泰达,京市
	832278,鹿得医疗,京市
	688006,杭可科技,沪市
	300433,蓝思科技,深市
	300488,恒锋工具,深市
	002183,怡亚通,深市
	300308,中际旭创,深市
	688189,南新制药,沪市
	688567,孚能科技,沪市
	688010,福光股份,沪市
	688055,龙腾光电,沪市
	831856,浩淼科技,京市
	688068,热景生物,沪市
	688636,智明达,沪市
	833523,德瑞锂电,京市
	002455,百川股份,深市
	688358,祥生医疗,沪市
	834415,恒拓开源,京市
	688157,松井股份,沪市
	688089,嘉必优,沪市
	688788,科思科技,沪市
	688155,先惠技术,沪市
	300115,长盈精密,深市
	300687,赛意信息,深市
	688121,卓然股份,沪市
	688100,威胜信息,沪市
	300743,天地数码,深市
	688665,四方光电,沪市
	688001,华兴源创,沪市
	835184,国源科技,京市
	300215,电科院,深市
	300596,利安隆,深市
	002001,新和成,深市
	002379,宏创控股,深市
	688210,统联精密,沪市
	688168,安博通,沪市
	835368,连城数控,京市
	002889,东方嘉盛,深市
	688162,巨一科技,沪市
	870436,大地电气,京市
	002691,冀凯股份,深市
	871642,通易航天,京市
	688011,新光光电,沪市
	688529,豪森股份,沪市
	301131,聚赛龙,深市
	833346,威贸电子,京市
	300305,裕兴股份,深市
	300413,芒果超媒,深市
	688633,星球石墨,沪市
	831039,国义招标,京市
	688296,和达科技,沪市
	300227,光韵达,深市
	832145,恒合股份,京市
	301057,汇隆新材,深市
	834599,同力股份,京市
	603102,百合股份,沪市
	688225,亚信安全,沪市
	836433,大唐药业,京市
	300124,汇川技术,深市
	002448,中原内配,深市
	836720,吉冈精密,京市
	688013,天臣医疗,沪市
	688051,佳华科技,沪市
	688122,西部超导,沪市
	688206,概伦电子,沪市
	430489,佳先股份,京市
	688171,纬德信息,沪市
	301177,迪阿股份,深市
	688076,诺泰生物,沪市
	002677,浙江美大,深市
	002641,公元股份,深市
	002778,中晟高科,深市
	002546,新联电子,深市
	300443,金雷股份,深市
	688367,工大高科,沪市
	688418,震有科技,沪市
	688683,莱尔科技,沪市
	688619,罗普特,沪市
	688339,亿华通,沪市
	688222,成都先导,沪市
	688256,寒武纪,沪市
	300753,爱朋医疗,深市
	002940,昂利康,深市
	688167,炬光科技,沪市
	688086,紫晶存储,沪市
	002135,东南网架,深市
	002138,顺络电子,深市
	688026,洁特生物,沪市
	688365,光云科技,沪市
	688518,联赢激光,沪市
	688215,瑞晟智能,沪市
	688095,福昕软件,沪市
	688021,奥福环保,沪市
	688158,优刻得,沪市
	688097,博众精工,沪市
	688258,卓易信息,沪市
	688456,有研粉材,沪市
	688488,艾迪药业,沪市
	603505,金石资源,沪市
	688211,中科微至,沪市
	688182,灿勤科技,沪市
	688233,神工股份,沪市
	688177,百奥泰,沪市
	688787,海天瑞声,沪市
	688199,久日新材,沪市
	002140,东华科技,深市
	300200,高盟新材,深市
	002543,万和电气,深市
	002011,盾安环境,深市
	688630,芯微装,沪市
	688101,三达膜,沪市
	688066,航天宏图,沪市
	688135,利扬芯片,沪市
	688768,容知日新,沪市
	688265,南模生物,沪市
	688110,东芯股份,沪市
	688335,复洁环保,沪市
	688533,上声电子,沪市
	300002,神州泰岳,深市
	689009,九号公司,沪市
	002840,华统股份,深市
	688682,霍莱沃,沪市
	688390,固德威,沪市
	688208,道通科技,沪市
	003035,南网能源,深市
	688328,深科达,沪市
	002877,智能自控,深市
	603897,长城科技,沪市
	603358,华达科技,沪市
	688333,铂力特,沪市
	688029,南微医学,沪市
	688618,三旺通信,沪市
	688232,新点软件,沪市
	002458,益生股份,深市
	600170,上海建工,沪市
	300261,雅本化学,深市
	688165,埃夫特,沪市
	688772,珠海冠宇,沪市
	688028,沃尔德,沪市
	688216,气派科技,沪市
	688219,会通股份,沪市
	688395,正弦电气,沪市
	688223,晶科能源,沪市
	688369,致远互联,沪市
	688192,迪哲医药,沪市
	688032,禾迈股份,沪市
	688526,科前生物,沪市
	688298,东方生物,沪市
	688578,艾力斯,沪市
	688345,博力威,沪市
	688038,中科通达,沪市
	688468,科美诊断,沪市
	002424,贵州百灵,深市
	300012,华测检测,深市
	002218,拓日新能,深市
	688510,航亚科技,沪市
	688217,睿昂基因,沪市
	688063,派能科技,沪市
	688126,沪硅产业,沪市
	688088,虹软科技,沪市
	688793,倍轻松,沪市
	688090,瑞松科技,沪市
	688201,信安世纪,沪市
	688262,国芯科技,沪市
	688681,科汇股份,沪市
	688700,东威科技,沪市
	300478,杭州高新,深市
	300371,汇中股份,深市
	002130,沃尔核材,深市
	002040,南京港,深市
	688767,博拓生物,沪市
	688033,天宜上佳,沪市
	688399,硕世生物,沪市
	688309,恒誉环保,沪市
	688316,青云科技,沪市
	688108,赛诺医疗,沪市
	688235,百济神州,沪市
	688379,华光新材,沪市
	688737,中自科技,沪市
	688613,奥精医疗,沪市
	688070,纵横股份,沪市
	688166,博瑞医药,沪市
	002172,澳洋健康,深市
	600423,柳化股份,沪市
	002254,泰和新材,深市
	688218,江苏北人,沪市
	688312,燕麦科技,沪市
	688027,国盾量子,沪市
	688667,菱电电控,沪市
	688092,爱科科技,沪市
	688359,三孚新科,沪市
	688277,天智航,沪市
	002191,劲嘉股份,深市
	300338,开元教育,深市
	002651,利君股份,深市
	688655,迅捷兴,沪市
	688685,迈信林,沪市
	688596,正帆科技,沪市
	688107,安路科技,沪市
	688069,德林海,沪市
	688669,聚石化学,沪市
	688680,海优新材,沪市
	688566,吉贝尔,沪市
	688081,兴图新科,沪市
	002705,新宝股份,深市
	688288,鸿泉物联,沪市
	688202,美迪西,沪市
	688679,通源环境,沪市
	001202,炬申股份,深市
	688670,金迪克,沪市
	688517,金冠电气,沪市
	002215,诺普信,深市
	002078,太阳纸业,深市
	688389,普门科技,沪市
	688616,西力科技,沪市
	688221,前沿生物,沪市
	300549,优德精密,深市
	688075,安旭生物,沪市
	688311,盟升电子,沪市
	688286,敏芯股份,沪市
	688117,圣诺生物,沪市
	601816,京沪高铁,沪市
	688060,云涌科技,沪市
	688656,浩欧博,沪市
	688190,云路股份,沪市
	002443,金洲管道,深市
	300049,福瑞股份,深市
	688588,凌志软件,沪市
	688500,慧辰股份,沪市
	688377,迪威尔,沪市
	688159,有方科技,沪市
	688067,爱威科技,沪市
	688105,诺唯赞,沪市
	688698,伟创电气,沪市
	688220,翱捷科技,沪市
	688007,光峰科技,沪市
	688200,华峰测控,沪市
	688133,泰坦科技,沪市
	688559,海目星,沪市
	600984,建设机械,沪市
	600009,上海机场,沪市
	002311,海大集团,深市
	002508,老板电器,深市
	688609,九联科技,沪市
	688160,步科股份,沪市
	300519,新光药业,深市
	003038,鑫铂股份,深市
	688227,品高股份,沪市
	688176,亚虹医药,沪市
	688676,金盘科技,沪市
	835670,数字人,京市
	002275,桂林三金,深市
	688056,莱伯泰科,沪市
	688711,宏微科技,沪市
	831370,新安洁,京市
	837344,三元基因,京市
	835508,殷图网联,京市
	837242,建邦科技,京市
	300126,锐奇股份,深市
	688398,赛特新材,沪市
	002556,辉隆股份,深市
	688019,安集科技,沪市
	832317,观典防务,京市
	688597,煜邦电力,沪市
	834765,美之高,京市
	688113,联测科技,沪市
	688036,传音控股,沪市
	831768,拾比佰,京市
	833266,生物谷,京市
	688004,博汇科技,沪市
	833427,华维设计,京市
	688590,新致软件,沪市
	688577,浙海德曼,沪市
	688116,天奈科技,沪市
	832089,禾昌聚合,京市
	300278,ST华昌,深市
	830799,艾融软件,京市
	688062,迈威生物,沪市
	688131,皓元医药,沪市
	688087,英科再生,沪市
	688701,卓锦股份,沪市
	688663,新风光,沪市
	688718,唯赛勃,沪市
	688687,凯因科技,沪市
	688329,艾隆科技,沪市
	688123,聚辰股份,沪市
	300662,科锐国际,深市
	300407,凯发电气,深市
	300428,立中集团,深市
	688181,八亿时空,沪市
	603178,圣龙股份,沪市
	688310,迈得医疗,沪市
	430418,苏轴股份,京市
	688520,神州细胞,沪市
	688280,精进电动,沪市
	871245,威博液压,京市
	002332,仙琚制药,深市
	300306,远方信息,深市
	688283,坤恒顺维,沪市
	688579,山大地纬,沪市
	688315,诺禾致源,沪市
	688017,绿的谐波,沪市
	688551,科威尔,沪市
	300666,江丰电子,深市
	002790,瑞尔特,深市
	831445,龙竹科技,京市
	430047,诺思兰德,京市
	430198,微创光电,京市
	688138,清溢光电,沪市
	688083,中望软件,沪市
	688191,智洋创新,沪市
	688625,呈和科技,沪市
	688169,石头科技,沪市
	300610,晨化股份,深市
	831010,凯添燃气,京市
	688555,泽达易盛,沪市
	300490,华自科技,深市
	688289,圣湘生物,沪市
	688080,映翰通,沪市
	300271,华宇软件,深市
	688607,康众医疗,沪市
	688696,极米科技,沪市
	688096,京源环保,沪市
	300676,华大基因,深市
	688226,威腾电气,沪市
	688248,南网科技,沪市
	002043,兔宝宝,深市
	002118,紫鑫药业,深市
	688065,凯赛生物,沪市
	300442,普丽盛,深市
	002278,神开股份,深市
	300109,新开源,深市
	002063,远光软件,深市
	300165,天瑞仪器,深市
	600360,华微电子,沪市
	301046,能辉科技,深市
	688408,中信博,沪市
	833873,中设咨询,京市
	688658,悦康药业,沪市
	839167,同享科技,京市
	002498,汉缆股份,深市
	688528,秦川物联,沪市
	002802,洪汇新材,深市
	600916,中国黄金,沪市
	830832,齐鲁华信,京市
	688099,晶晨股份,沪市
	688677,海泰新光,沪市
	300040,九洲集团,深市
	002536,飞龙股份,深市
	688156,路德环境,沪市
	833454,同心传动,京市
	838030,德众汽车,京市
	688558,国盛智科,沪市
	688798,艾为电子,沪市
	002813,路畅科技,深市
	002014,永新股份,深市
	688466,金科环境,沪市
	688230,芯导科技,沪市
	688071,华依科技,沪市
	600704,物产中大,沪市
	002267,陕天然气,深市
	688509,正元地信,沪市
	835174,五新隧装,京市
	832171,志晟信息,京市
	688550,瑞联新材,沪市
	601225,陕西煤业,沪市
	688396,华润微,沪市
	870204,沪江材料,京市
	688368,晶丰明源,沪市
	688266,泽Z制药,沪市
	688299,长阳科技,沪市
	301236,软通动力,深市
	688255,凯尔达,沪市
	688571,杭华股份,沪市
	688212,澳华内镜,沪市
	836239,长虹能源,京市
	002150,通润装备,深市
	688128,中国电研,沪市
	688330,宏力达,沪市
	603890,春秋电子,沪市
	688267,中触媒,沪市
	838924,广脉科技,京市
	688305,科德数控,沪市
	688049,炬芯科技,沪市
	002151,北斗星通,深市
	688270,臻镭科技,沪市
	300341,麦克奥迪,深市
	688622,禾信仪器,沪市
	002222,福晶科技,深市
	002557,洽洽食品,深市
	688272,富吉瑞,沪市
	688103,国力股份,沪市
	688639,华恒生物,沪市
	002415,海康威视,深市
	300498,温氏股份,深市
	688608,恒玄科技,沪市
	002971,和远气体,深市
	688599,天合光能,沪市
	832566,梓H宫,京市
	688766,普冉股份,沪市
	603019,中科曙光,沪市
	300185,通裕重工,深市
	688319,欧林生物,沪市
	688611,杭州柯林,沪市
	688318,财富趋势,沪市
	300707,威唐工业,深市
	688030,山石网科,沪市
	688626,翔宇医疗,沪市
	600015,华夏银行,沪市
	834475,三友科技,京市
	300933,中辰股份,深市
	603693,江苏新能,沪市
	002791,坚朗五金,深市
	002913,奥士康,深市
	688516,奥特维,沪市
	000628,高新发展,深市
	002555,三七互娱,深市
	688198,佰仁医疗,沪市
	688317,之江生物,沪市
	688519,南亚新材,沪市
	300782,卓胜微,深市
	839680,广道高新,京市
	002516,旷达科技,深市
	688085,三友医疗,沪市
	871396,常辅股份,京市
	600512,腾达建设,沪市
	002017,东信和平,深市
	688188,柏楚电子,沪市
	600966,博汇纸业,沪市
	000088,盐田港,深市
	603439,贵州三力,沪市
	002402,和而泰,深市
	002497,雅化集团,深市
	002724,海洋王,深市
	688789,宏华数科,沪市
	688556,高测股份,沪市
	300843,胜蓝股份,深市
	600929,雪天盐业,沪市
	300627,华测导航,深市
	301218,华是科技,深市
	430510,丰光精密,京市
	835305,云创数据,京市
	603132,金徽股份,沪市
	300427,红相股份,深市
	833509,同惠电子,京市
	688678,福立旺,沪市
	688575,亚辉龙,沪市
	688739,成大生物,沪市
	688093,世华科技,沪市
	603169,兰石重装,沪市
	002088,鲁阳节能,深市
	300876,蒙泰高新,深市
	688338,赛科希德,沪市
	300484,蓝海华腾,深市
	688129,东来技术,沪市
	600233,圆通速递,沪市
	300083,创世纪,深市
	600738,丽尚国潮,沪市
	688707,振华新材,沪市
	002287,奇正藏药,深市
	833994,翰博高新,京市
	688259,创耀科技,沪市
	301188,力诺特玻,深市
	871981,晶赛科技,京市
	301222,浙江恒威,深市
	002057,中钢天源,深市
	601518,吉林高速,沪市
	831961,创远仪器,京市
	837212,智新电子,京市
	688109,品茗股份,沪市
	600155,华创阳安,沪市
	002092,中泰化学,深市
	603215,比依股份,沪市
	002749,国光股份,深市
	301085,亚康股份,深市
	688355,明志科技,沪市
	002212,天融信,深市
	600288,大恒科技,沪市
	688020,方邦股份,沪市
	688313,仕佳光子,沪市
	688595,芯海科技,沪市
	002923,润都股份,深市
	000719,中原传媒,深市
	600383,金地集团,沪市
	688003,天准科技,沪市
	002351,漫步者,深市
	835179,凯德石英,京市
	603185,上机数控,沪市
	600123,兰花科创,沪市
	301215,中汽股份,深市
	831726,朱老六,京市
	002609,捷顺科技,深市
	002907,华森制药,深市
	688553,汇宇制药,沪市
	600667,太极实业,沪市
	688257,新锐股份,沪市
	300425,中建环能,深市
	002334,英威腾,深市
	688179,阿拉丁,沪市
	002984,森麒麟,深市
	688015,交控科技,沪市
	002733,雄韬股份,深市
	839946,华阳变速,京市
	002182,云海金属,深市
	832000,安徽凤凰,京市
	603878,武进不锈,沪市
	002158,汉钟精机,深市
	603131,上海沪工,沪市
	300357,我武生物,深市
	688800,瑞可达,沪市
	838163,方大股份,京市
	688008,澜起科技,沪市
	000798,中水渔业,深市
	603180,金牌厨柜,沪市
	300394,天孚通信,深市
	301229,纽泰格,深市
	003009,中天火箭,深市
	688118,普元信息,沪市
	688261,东微半导,沪市
	601958,金钼股份,沪市
	001266,宏英智能,深市
	002061,浙江交科,深市
	603466,风语筑,沪市
	300390,天华超净,深市
	603037,凯众股份,沪市
	002503,搜于特,深市
	002861,瀛通通讯,深市
	002548,金新农,深市
	300264,佳创视讯,深市
	600500,中化国际,沪市
	002438,江苏神通,深市
	002310,东方园林,深市
	000503,国新健康,深市
	000504,南华生物,深市
	000600,建投能源,深市
	000981,ST银亿,深市
	600393,ST粤泰,沪市
	000961,中南建设,深市
	600789,鲁抗医药,沪市
	002209,达意隆,深市
	002437,誉衡药业,深市
	002072,ST凯瑞,深市
	002159,三特索道,深市
	300004,南风股份,深市
	600759,洲际油气,沪市
	600858,银座股份,沪市
	000525,ST红太阳,深市
	000040,东旭蓝天,深市
	000070,特发信息,深市
	600586,金晶科技,沪市
	002846,英联股份,深市
	601860,紫金银行,沪市
	603687,大胜达,沪市
	601568,北元集团,沪市
	605179,一鸣食品,沪市
	603058,永吉股份,沪市
	300708,聚灿光电,深市
	603988,中电电机,沪市
	603079,圣达生物,沪市
	002702,海欣食品,深市
	603856,东宏股份,沪市
	300436,广生堂,深市
	603725,天安新材,沪市
	000732,泰禾集团,深市
	002207,准油股份,深市
	002024,苏宁易购,深市
	002052,ST同洲,深市
	000620,新华联,深市
	000793,华闻集团,深市
	000957,中通客车,深市
	000545,金浦钛业,深市
	000038,深大通,深市
	000592,平潭发展,深市
	000421,南京公用,深市
	000536,华映科技,深市
	002669,康达新材,深市
	603787,新日股份,沪市
	002654,万润科技,深市
	002485,雪松发展,深市
	002535,ST林重,深市
	002751,易尚展示,深市
	601118,海南橡胶,沪市
	002355,兴民智通,深市
	002431,棕榈股份,深市
	002633,申科股份,深市
	002514,宝馨科技,深市
	002434,万里扬,深市
	002321,ST华英,深市
	603810,丰山集团,沪市
	603708,家家悦,沪市
	601619,嘉泽新能,沪市
	300757,罗博特科,深市
	002898,赛隆药业,深市
	002635,安洁科技,深市
	002163,海南发展,深市
	002047,宝鹰股份,深市
	002023,海特高新,深市
	000403,派林生物,深市
	600525,长园集团,沪市
	600626,申达股份,沪市
	002045,国光电器,深市
	600082,海泰发展,沪市
	600326,西藏天路,沪市
	600322,天房发展,沪市
	600289,ST信通,沪市
	600305,恒顺醋业,沪市
	600579,克劳斯,沪市
	600804,鹏博士,沪市
	600770,综艺股份,沪市
	002783,凯龙股份,深市
	002781,奇信股份,深市
	300483,首华燃气,深市
	603789,星光农机,沪市
	002512,达华智能,深市
	002652,扬子新材,深市
	600936,广西广电,沪市
	002621,美吉姆,深市
	002618,ST丹邦,深市
	002663,普邦股份,深市
	601933,永辉超市,沪市
	300064,ST金刚,深市
	300526,中潜股份,深市
	002858,力盛赛车,深市
	300175,朗源股份,深市
	002592,ST八菱,深市
	002403,爱仕达,深市
	300098,高新兴,深市
	002227,奥特迅,深市
	600227,圣济堂,沪市
	002147,ST新光,深市
	002328,新朋股份,深市
	600870,ST厦华,沪市
	002248,华东数控,深市
	002178,延华智能,深市
	002019,亿帆医药,深市
	600983,惠而浦,沪市
	002137,实益达,深市
	002113,ST天润,深市
	002188,ST巴士,深市
	000676,智度股份,深市
	000716,黑芝麻,深市
	000150,宜华健康,深市
	000032,深桑达A,深市
	000426,兴业矿业,深市
	000606,ST顺利,深市
	000697,炼石航空,深市
	000887,中鼎股份,深市
	000720,新能泰山,深市
	600716,凤凰股份,沪市
	000889,中嘉博创,深市
	600578,京能电力,沪市
	000679,大连友谊,深市
	002905,金逸影视,深市
	601500,通用股份,沪市
	603716,塞力医疗,沪市
	002806,华锋股份,深市
	605001,威奥股份,沪市
	300705,九典制药,深市
	603800,道森股份,沪市
	603355,莱克电气,沪市
	603006,联明股份,沪市
	002665,首航高科,深市
	002716,金贵银业,深市
	002322,理工能科,深市
	002650,加加食品,深市
	002620,瑞和股份,深市
	002647,仁东控股,深市
	002473,ST圣莱,深市
	002464,ST众应,深市
	000017,深中华A,深市
	600555,ST海创,沪市
	600281,华阳新材,沪市
	000566,海南海药,深市
	000861,海印股份,深市
	600094,大名城,沪市
	000659,珠海中富,深市
	002205,国统股份,深市
	002153,石基信息,深市
	600545,卓郎智能,沪市
	000609,ST中迪,深市
	600798,宁波海运,沪市
	600630,龙头股份,沪市
	600506,ST香梨,沪市
	600886,国投电力,沪市
	002970,锐明技术,深市
	605188,国光连锁,沪市
	603880,南卫股份,沪市
	300886,华业香料,深市
	002574,明牌珠宝,深市
	603003,龙宇燃油,沪市
	002900,哈三联,深市
	000813,德展健康,深市
	000610,西安旅游,深市
	600222,太龙药业,沪市
	600686,金龙汽车,沪市
	600640,新国脉,沪市
	600743,华远地产,沪市
	600661,昂立教育,沪市
	002217,合力泰,深市
	002225,濮耐股份,深市
	600172,黄河旋风,沪市
	600590,泰豪科技,沪市
	000752,ST西发,深市
	000821,京山轻机,深市
	000802,ST北文,深市
	000564,ST大集,深市
	000631,顺发恒业,深市
	000695,滨海能源,深市
	002382,蓝帆医疗,深市
	603117,万林物流,沪市
	002726,龙大美食,深市
	002852,道道全,深市
	300645,正元智慧,深市
	300466,赛摩智能,深市
	002707,众信旅游,深市
	002513,蓝丰生化,深市
	002862,实丰文化,深市
	002292,奥飞娱乐,深市
	600199,金种子酒,沪市
	002210,飞马国际,深市
	002031,巨轮智能,深市
	600565,迪马股份,沪市
	600601,ST方科,沪市
	600376,首开股份,沪市
	000416,民生控股,深市
	000023,深天地A,深市
	001896,豫能控股,深市
	600896,ST海医,沪市
	002547,春兴精工,深市
	002456,欧菲光,深市
	600960,渤海汽车,沪市
	002447,ST晨鑫,深市
	002586,ST围海,深市
	002582,好想你,深市
	300173,福能东方,深市
	002370,亚太药业,深市
	603828,柯利达,沪市
	002668,ST奥马,深市
	002659,凯文教育,深市
	603101,汇嘉时代,沪市
	601686,友发集团,沪市
	603363,傲农生物,沪市
	605066,天正电气,沪市
	002742,三圣股份,深市
	301037,保立佳,深市
	603839,安正时尚,沪市
	300417,南华仪器,深市
	603665,康隆达,沪市
	002872,ST天圣,深市
	600651,飞乐音响,沪市
	600751,海航科技,沪市
	002622,融钰集团,深市
	603559,中通国脉,沪市
	601069,西部黄金,沪市
	002572,索菲亚,深市
	002164,宁波东力,深市
	002239,奥特佳,深市
	002068,黑猫股份,深市
	002186,全聚德,深市
	600121,郑州煤电,沪市
	600606,绿地控股,沪市
	600589,ST榕泰,沪市
	600238,海南椰岛,沪市
	000584,哈工智能,深市
	000012,南玻A,深市
	000089,深圳机场,深市
	600156,华升股份,沪市
	000911,南宁糖业,深市
	600303,曙光股份,沪市
	300888,稳健医疗,深市
	601002,晋亿实业,沪市
	002375,亚厦股份,深市
	002356,ST赫美,深市
	002435,长江健康,深市
	603496,恒为科技,沪市
	002803,吉宏股份,深市
	002157,正邦科技,深市
	002476,宝莫股份,深市
	603238,诺邦股份,沪市
	600711,盛屯矿业,沪市
	600795,国电电力,沪市
	000420,吉林化纤,深市
	000711,京蓝科技,深市
	000671,阳光城,深市
	600257,大湖股份,沪市
	600098,广州发展,沪市
	600228,返利科技,沪市
	600645,中源协和,沪市
	000890,法尔胜,深市
	000908,景峰医药,深市
	000430,张家界,深市
	600343,航天动力,沪市
	002081,金螳螂,深市
	000809,铁岭新城,深市
	002387,维信诺,深市
	002708,光洋股份,深市
	002524,光正眼科,深市
	002575,ST群兴,深市
	002583,海能达,深市
	002121,科陆电子,深市
	002325,洪涛股份,深市
	600152,维科技术,沪市
	002229,鸿博股份,深市
	603116,红蜻蜓,沪市
	002789,建艺集团,深市
	603603,博天环境,沪市
	300865,大宏立,深市
	002433,太安堂,深市
	002808,恒久科技,深市
	002374,中锐股份,深市
	300081,恒信东方,深市
	002949,华阳国际,深市
	000892,欢瑞世纪,深市
	002981,朝阳科技,深市
	300359,全通教育,深市
	603177,德创环保,沪市
	002174,游族网络,深市
	600638,新黄浦,沪市
	002285,世联行,深市
	000667,美好置业,深市
	000836,富通信息,深市
	000709,河钢股份,深市
	000008,神州高铁,深市
	000876,新希望,深市
	600117,西宁特钢,沪市
	000506,中润资源,深市
	000540,中天金融,深市
	600537,亿晶光电,沪市
	600636,国新文化,沪市
	000965,天保基建,深市
	600340,华夏幸福,沪市
	002855,捷荣技术,深市
	603398,沐邦高科,沪市
	002502,鼎龙文化,深市
	300598,诚迈科技,深市
	002682,龙洲股份,深市
	002502,鼎龙文化,深市
	002468,申通快递,深市
	002567,唐人神,深市
	002173,创新医疗,深市
	300598,诚迈科技,深市
	002712,思美传媒,深市
	603398,沐邦高科,沪市
	002855,捷荣技术,深市
	603326,我乐家居,沪市
	603221,爱丽家居,沪市
	002305,南国置业,深市
	300690,双一科技,深市
	002725,跃岭股份,深市
	601020,ST华钰,沪市
	002957,科瑞技术,深市
	300578,会畅通讯,深市
	002506,协鑫集成,深市
	003037,三和管桩,深市
	002192,融捷股份,深市
	002122,ST天马,深市
	600410,华胜天成,沪市
	000413,东旭光电,深市
	002169,智光电气,深市
	600744,华银电力,沪市
	002299,圣农发展,深市
	600780,通宝能源,沪市
	600203,福日电子,沪市
	600872,中炬高新,沪市
	000031,大悦城,深市
	000572,海马汽车,深市
	600056,中国医药,沪市
	002786,银宝山新,深市
	300420,五洋停车,深市
	603737,三棵树,沪市
	603818,曲美家居,沪市
	600778,友好集团,沪市
	002630,华西能源,深市
	600753,东方银星,沪市
	002259,ST升达,深市
	603030,全筑股份,沪市
	601966,玲珑轮胎,沪市
	603885,吉祥航空,沪市
	603133,碳元科技,沪市
	601595,上海电影,沪市
	300552,万集科技,深市
	002740,爱迪尔,深市
	603963,大理药业,沪市
	002488,金固股份,深市
	002718,友邦吊顶,深市
	300299,富春股份,深市
	002700,ST浩源,深市
	603017,中衡设计,沪市
	002094,青岛金王,深市
	002165,红宝丽,深市
	002413,雷科防务,深市
	002369,卓翼科技,深市
	002348,高乐股份,深市
	002426,胜利精密,深市
	600166,福田汽车,沪市
	000010,美丽生态,深市
	000815,美利云,深市
	000767,晋控电力,深市
	000796,凯撒旅业,深市
	000851,高鸿股份,深市
	600805,悦达投资,沪市
	600617,国新能源,沪市
	000678,襄阳轴承,深市
	600771,广誉远,沪市
	600975,新五丰,沪市
	600448,华纺股份,沪市
	002882,金龙羽,深市
	603598,引力传媒,沪市
	300718,长盛轴承,深市
	002856,美芝股份,深市
	003043,华亚智能,深市
	300749,顶固集创,深市
	603322,超讯通信,沪市
	603729,ST龙韵,沪市
	603023,威帝股份,沪市
	603378,亚士创能,沪市
	600844,丹化科技,沪市
	300149,睿智医药,深市
	600469,风神股份,沪市
	300287,飞利信,深市
	300210,森远股份,深市
	300381,溢多利,深市
	002336,人人乐,深市
	002266,浙富控股,深市
	002417,深南股份,深市
	000599,青岛双星,深市
	000558,莱茵体育,深市
	000797,中国武夷,深市
	000523,ST浪奇,深市
	000638,ST万方,深市
	003010,若羽臣,深市
	300860,锋尚文化,深市
	002639,雪人股份,深市
	002785,万里石,深市
	300629,新劲刚,深市
	002168,惠程科技,深市
	300025,华星创业,深市
	002055,得润电子,深市
	002313,日海智能,深市
	300321,同大股份,深市
	002640,ST跨境,深市
	002341,新纶新材,深市
	002569,ST步森,深市
	000826,启迪环境,深市
	600847,万里股份,沪市
	600307,酒钢宏兴,沪市
	000415,渤海租赁,深市
	000863,三湘印象,深市
	000721,西安饮食,深市
	000537,广宇发展,深市
	000595,宝塔实业,深市
	000046,泛海控股,深市
	600287,江苏舜天,沪市
	600122,ST宏图,沪市
	300301,长方集团,深市
	603960,克来机电,沪市
	601127,小康股份,沪市
	002076,ST雪莱,深市
	002146,荣盛发展,深市
	600466,蓝光发展,沪市
	600463,空港股份,沪市
	600209,ST罗顿,沪市
	000607,华媒控股,深市
	000056,皇庭国际,深市
	600187,国中水务,沪市
	600382,ST广珠,沪市
	600732,爱旭股份,沪市
	002746,仙坛股份,深市
	300658,延江股份,深市
	300902,国安达,深市
	600734,ST实达,沪市
	002551,尚荣医疗,深市
	300169,天晟新材,深市
	002590,万安科技,深市
	002127,南极电商,深市
	600892,大晟文化,沪市
	600521,华海药业,沪市
	600689,上海三毛,沪市
	600587,新华医疗,沪市
	600275,ST昌鱼,沪市
	000159,国际实业,深市
	000615,奥园美谷,深市
	000616,ST海投,深市
	000839,中信国安,深市
	600136,当代文体,沪市
	600996,贵广网络,沪市
	002607,中公教育,深市
	002529,海源复材,深市
	002732,燕塘乳业,深市
	002504,ST弘高,深市
	002454,松芝股份,深市
	002044,美年健康,深市
	002161,远望谷,深市
	002453,华软科技,深市
	002482,广田集团,深市
	002385,大北农,深市
	603536,惠发食品,沪市
	601360,三六零,沪市
	603007,ST花王,沪市
	603778,乾景园林,沪市
	603098,森特股份,沪市
	002869,金溢科技,深市
	003012,东鹏控股,深市
	605296,神农集团,沪市
	603279,景津装备,沪市
	002798,帝欧家居,深市
	300313,ST天山,深市
	603388,元成股份,沪市
	002661,克明食品,深市
	600881,亚泰集团,沪市
	600250,南纺股份,沪市
	600070,浙江富润,沪市
	600143,金发科技,沪市
	002131,利欧股份,深市
	002219,ST恒康,深市
	002089,ST新海,深市
	600088,中视传媒,沪市
	000665,湖北广电,深市
	000502,ST绿景,深市
	000601,韶能股份,深市
	600624,复旦复华,沪市
	600019,宝钢股份,沪市
	600391,航发科技,沪市
	000518,四环生物,深市
	603390,通达电气,沪市
	300805,电声股份,深市
	002510,天汽模,深市
	603557,ST起步,沪市
	000918,嘉凯城,深市
	603056,德邦股份,沪市
	603608,天创时尚,沪市
	002853,皮阿诺,深市
	600818,中路股份,沪市
	002100,天康生物,深市
	600385,ST金泰,沪市
	600715,文投控股,沪市
	000516,ST国医,深市
	600078,ST澄星,沪市
	000735,罗牛山,深市
	000587,ST金洲,深市
	000806,ST银河,深市
	000953,河化股份,深市
	600302,标准股份,沪市
	600815,厦工股份,沪市
	000700,模塑科技,深市
	000971,ST高升,深市
	600699,均胜电子,沪市
	300097,智云股份,深市
	002358,ST森源,深市
	002565,顺灏股份,深市
	002636,金安国纪,深市
	002766,ST索菱,深市
	603528,多伦科技,沪市
	002848,高斯贝尔,深市
	603313,梦百合,沪市
	002787,华源控股,深市
	600192,长城电工,沪市
	600239,ST云城,沪市
	600112,ST天成,沪市
	000673,ST当代,深市
	600811,东方集团,沪市
	002111,威海广泰,深市
	002211,宏达新材,深市
	002343,慈文传媒,深市
	002269,美邦服饰,深市
	002501,ST利源,深市
	300103,达刚控股,深市
	002717,岭南股份,深市
	300195,长荣股份,深市
	002445,中南文化,深市
	002380,科远智慧,深市
	002520,日发精机,深市
	603718,海利生物,沪市
	002675,东诚药业,深市
	002699,美盛文化,深市
	002625,光启技术,深市
	002667,鞍重股份,深市
	002354,天娱数科,深市
	603042,华脉科技,沪市
	300698,万马科技,深市
	002963,豪尔赛,深市
	002780,三夫户外,深市
	300972,万辰生物,深市
	603679,华体科技,沪市
	688538,和辉光电,沪市
	002950,奥美医疗,深市
	603507,振江股份,沪市
	300367,ST网力,深市
	002955,鸿合科技,深市
	300543,朗科智能,深市
	300581,晨曦航空,深市
	000932,华菱钢铁,深市
	002573,清新环境,深市
	002544,杰赛科技,深市
	300250,初灵信息,深市
	300513,恒实科技,深市
	300317,珈伟新能,深市
	300084,海默科技,深市
	000058,深赛格,深市
	600781,ST辅仁,沪市
	002442,龙星化工,深市
	600327,大东方,沪市
	601369,陕鼓动力,沪市
	300078,思创医惠,深市
	300024,机器人,深市
	300292,吴通控股,深市
	002554,惠博普,深市
	300385,雪浪环境,深市
	300074,华平股份,深市
	300601,康泰生物,深市
	301130,西点药业,深市
	603501,韦尔股份,沪市
	002880,卫光生物,深市
	300603,立昂技术,深市
	002736,国信证券,深市
	300311,任子行,深市
	002986,宇新股份,深市
	300266,兴源环境,深市
	601021,春秋航空,沪市
	603066,音飞储存,沪市
	300268,佳沃食品,深市
	600756,浪潮软件,沪市
	300096,易联众,深市
	300091,金通灵,深市
	300593,新雷能,深市
	300742,越博动力,深市
	600766,ST园城,沪市
	300038,ST数知,深市
	300672,国科微,深市
	300875,捷强装备,深市
	300810,中科海讯,深市
	300750,宁德时代,深市
	300644,南京聚隆,深市
	000422,湖北宜化,深市
	600652,ST游久,沪市
	002290,禾盛新材,深市
	300619,金银河,深市
	002642,荣联科技,深市
	002571,德力股份,深市
	600272,开开实业,沪市
	300282,三盛教育,深市
	300302,同有科技,深市
	600758,辽宁能源,沪市
	002330,得利斯,深市
	601990,南京证券,沪市
	300745,欣锐科技,深市
	002134,天津普林,深市
	600515,ST基础,沪市
	000078,海王生物,深市
	000507,珠海港,深市
	300153,科泰电源,深市
	300312,ST邦讯,深市
	300008,天海防务,深市
	002770,ST科迪,深市
	300205,天喻信息,深市
	300661,圣邦股份,深市
	300703,创源股份,深市
	002494,华斯股份,深市
	300277,海联讯,深市
	300408,三环集团,深市
	300612,宣亚国际,深市
	300089,ST文化,深市
	300391,康跃科技,深市
	300248,新开普,深市
	600221,ST海航,沪市
	600090,ST济堂,沪市
	600712,南宁百货,沪市
	300134,大富科技,深市
	600890,ST中房,沪市
	300845,捷安高科,深市
	300937,药易购,深市
	300702,天宇股份,深市
	002939,长城证券,深市
	300340,科恒股份,深市
	300406,九强生物,深市
	300272,开能健康,深市
	300348,长亮科技,深市
	300267,尔康制药,深市
	600083,ST博信,沪市
	600539,狮头股份,沪市
	600518,ST康美,沪市
	600807,济南高新,沪市
	301092,争光股份,深市
	300538,同益股份,深市
	300554,三超新材,深市
	003026,中晶科技,深市
	300713,英可瑞,深市
	300577,开润股份,深市
	300534,陇神戎发,深市
	600997,开滦股份,沪市
	600093,ST易见,沪市
	300624,万兴科技,深市
	300588,熙菱信息,深市
	300657,弘信电子,深市
	000852,石化机械,深市
	600691,阳煤化工,沪市
	600581,八一钢铁,沪市
	300030,阳普医疗,深市
	600259,广晟有色,沪市
	300164,通源石油,深市
	300247,融捷健康,深市
	300225,金力泰,深市
	300555,路通视信,深市
	300591,万里马,深市
	300438,鹏辉能源,深市
	603029,天鹅股份,沪市
	300344,立方数科,深市
	300220,金运激光,深市
	300052,中青宝,深市
	600599,ST熊猫,沪市
	600462,ST九有,沪市
	603836,海程邦达,沪市
	300811,铂科新材,深市
	300799,左江科技,深市
	300785,值得买,深市
	300715,凯伦股份,深市
	002739,万达电影,深市
	301009,可靠股份,深市
	300546,雄帝科技,深市
	000983,山西焦煤,深市
	000936,华西股份,深市
	000937,冀中能源,深市
	600328,中盐化工,沪市
	600084,ST中葡,沪市
	300021,大禹节水,深市
	300256,ST星星,深市
	300159,新研股份,深市
	002340,格林美,深市
	300528,幸福蓝海,深市
	300202,ST聚龙,深市
	300463,迈克生物,深市
	300467,迅游科技,深市
	300424,航新科技,深市
	300237,美晨生态,深市
	300152,科融环境,深市
	600718,东软集团,沪市
	600200,江苏吴中,沪市
	301129,瑞纳智能,深市
	300626,华瑞股份,深市
	300449,汉邦高科,深市
	300323,华灿光电,深市
	600108,亚盛集团,沪市
	600225,ST松江,沪市
	600530,交大昂立,沪市
	600695,ST绿庭,沪市
	300027,华谊兄弟,深市
	300093,金刚玻璃,深市
	300242,佳云科技,深市
	300537,广信材料,深市
	300044,ST赛为,深市
	300731,科创新源,深市
	600782,新钢股份,沪市
	000766,通化金马,深市
	600241,ST时万,沪市
	300123,亚光科技,深市
	300290,荣科科技,深市
	002591,恒大高新,深市
	300300,海峡创新,深市
	300251,光线传媒,深市
	300518,盛讯达,深市
	300102,乾照光电,深市
	300434,金石亚药,深市
	300147,香雪制药,深市
	002250,联化科技,深市
	300053,欧比特,深市
	300295,三六五网,深市
	300307,慈星股份,深市
	300368,汇金股份,深市
	300520,科大国创,深市
	002177,御银股份,深市
	600561,江西长运,沪市
	300982,苏文电能,深市
	300798,锦鸡股份,深市
	300637,扬帆新材,深市
	300495,ST美尚,深市
	300056,中创环保,深市
	300521,爱司凯,深市
	600054,黄山旅游,沪市
	600694,大商股份,沪市
	600735,新华锦,沪市
	300970,华绿生物,深市
	300293,蓝英装备,深市
	603083,剑桥科技,沪市
	300831,派瑞股份,深市
	300489,光智科技,深市
	300032,金龙机电,深市
	000755,山西路桥,深市
	600498,烽火通信,沪市
	600619,海立股份,沪市
	600654,ST中安,沪市
	603626,科森科技,沪市
	300208,青岛中程,深市
	300681,英搏尔,深市
	300512,中亚股份,深市
	300198,纳川股份,深市
	300270,中威电子,深市
	603068,博通集成,沪市
	300609,汇纳科技,深市
	002673,西部证券,深市
	600198,ST大唐,沪市
	600706,曲江文旅,沪市
	600290,ST华仪,沪市
	000576,甘化科工,深市
	000007,ST全新,深市
	000635,英力特,深市
	600900,长江电力,沪市
	600671,ST目药,沪市
	300733,西菱动力,深市
	603551,奥普家居,沪市
	300539,横河精密,深市
	301013,利和兴,深市
	603161,科华控股,沪市
	300652,雷迪克,深市
	601099,太平洋,沪市
	300450,先导智能,深市
	002674,兴业科技,深市
	300330,华虹计通,深市
	603887,城地香江,沪市
	002782,可立克,深市
	603838,四通股份,沪市
	301066,万事利,深市
	300048,合康新能,深市
	002103,广博股份,深市
	002115,三维通信,深市
	300465,高伟达,深市
	300355,蒙草生态,深市
	601113,ST华鼎,沪市
	002553,南方轴承,深市
	300336,新文化,深市
	002195,二三四五,深市
	600797,浙大网新,沪市
	301050,雷电微力,深市
	603779,威龙股份,沪市
	600816,ST安信,沪市
	603115,海星股份,沪市
	605183,确成股份,沪市
	600906,财达证券,沪市
	301026,浩通科技,深市
	300667,必创科技,深市
	002439,启明星辰,深市
	000925,众合科技,深市
	300587,天铁股份,深市
	002386,天原股份,深市
	002470,ST金正,深市
	600216,浙江医药,沪市
	000726,鲁泰A,深市
	000636,风华高科,深市
	000980,ST众泰,深市
	003007,直真科技,深市
	300968,格林精密,深市
	300494,盛天网络,深市
	300781,因赛集团,深市
	603922,金鸿顺,沪市
	000005,ST星源,深市
	600615,ST丰华,沪市
	300252,金信诺,深市
	300444,双杰电气,深市
	300573,兴齐眼药,深市
	002762,金发拉比,深市
	300101,振芯科技,深市
	600020,中原高速,沪市
	600839,四川长虹,沪市
	002141,贤丰控股,深市
	000785,居然之家,深市
	300859,ST西域,深市
	300565,科信技术,深市
	601258,庞大集团,沪市
	601636,旗滨集团,沪市
	300167,迪威迅,深市
	300551,古鳌科技,深市
	002284,亚太股份,深市
	000838,财信发展,深市
	002681,奋达科技,深市
	003016,欣贺股份,深市
	603499,翔港科技,沪市
	002773,康弘药业,深市
	001201,东瑞股份,深市
	603109,神驰机电,沪市
	603709,中源家居,沪市
	000611,ST天首,深市
	000949,新乡化纤,深市
	603738,泰晶科技,沪市
	300500,启迪设计,深市
	300353,东土科技,深市
	603138,海量数据,沪市
	603318,水发燃气,沪市
	002721,金一文化,深市
	603100,川仪股份,沪市
	600796,钱江生化,沪市
	000543,皖能电力,深市
	600550,保变电气,沪市
	300590,移为通信,深市
	002748,世龙实业,深市
	002528,英飞拓,深市
	603399,吉翔股份,沪市
	002776,ST柏龙,深市
	300393,中来股份,深市
	300326,凯利泰,深市
	600234,科新发展,沪市
	600311,ST荣华,沪市
	301015,百洋医药,深市
	600165,新日恒力,沪市
	002581,未名医药,深市
	600666,ST瑞德,沪市
	600856,ST中天,沪市
	002005,ST德豪,深市
	000692,惠天热电,深市
	000571,ST大洲,深市
	002466,天齐锂业,深市
	002280,联络互动,深市
	600301,ST南化,沪市
	002805,丰元股份,深市
	600595,ST中孚,沪市
	603898,好莱客,沪市
	002694,顾地科技,深市
	600052,东望时代,沪市
	600707,彩虹股份,沪市
	300419,浩丰科技,深市
	002538,司尔特,深市
	002308,威创股份,深市
	600791,京能置业,沪市
	605567,春雪食品,沪市
	603021,山东华鹏,沪市
	300680,隆盛科技,深市
	002951,金时科技,深市
	300583,赛托生物,深市
	300296,利亚德,深市
	600213,亚星客车,沪市
	000622,恒立实业,深市
	600242,ST中昌,沪市
	600509,天富能源,沪市
	002841,视源股份,深市
	603609,禾丰股份,沪市
	300377,赢时胜,深市
	300405,科隆股份,深市
	300706,阿石创,深市
	603188,亚邦股份,沪市
	600522,中天科技,沪市
	600779,水井坊,沪市
	600777,新潮能源,沪市
	603717,天域生态,沪市
	300877,金春股份,深市
	002282,博深股份,深市
	002863,今飞凯达,深市
	300309,吉艾科技,深市
	300132,青松股份,深市
	000929,兰州黄河,深市
	600169,太原重工,沪市
	600243,青海华鼎,沪市
	002394,联发股份,深市
	002042,华孚时尚,深市
	002570,贝因美,深市
	002610,爱康科技,深市
	002337,赛象科技,深市
	002685,华东重机,深市
	300975,商络电子,深市
	300756,金马游乐,深市
	002496,ST辉丰,深市
	002058,ST威尔,深市
	002584,西陇科学,深市
	300157,恒泰艾普,深市
	300310,宜通世纪,深市
	300236,上海新阳,深市
	300230,永利股份,深市
	600331,宏达股份,沪市
	600809,山西汾酒,沪市
	600252,中恒集团,沪市
	600008,首创环保,沪市
	300315,掌趣科技,深市
	002729,好利科技,深市
	000990,诚志股份,深市
	600682,南京新百,沪市
	000530,冰山冷热,深市
	000790,华神科技,深市
	600429,三元股份,沪市
	603389,亚振家居,沪市
	600105,永鼎股份,沪市
	300023,ST宝德,深市
	600230,沧州大化,沪市
	600668,尖峰集团,沪市
	002499,ST科林,深市
	601798,蓝科高新,沪市
	002980,华盛昌,深市
	603819,神力股份,沪市
	300410,正业科技,深市
	000690,宝新能源,深市
	300469,信息发展,深市
	002915,中欣氟材,深市
	300514,友讯达,深市
	000410,ST沈机,深市
	000613,ST东海A,深市
	000801,四川九洲,深市
	300029,ST天龙,深市
	300319,麦捷科技,深市
	300163,先锋新材,深市
	002517,恺英网络,深市
	002289,宇顺电子,深市
	300540,深冷股份,深市
	002526,山东矿机,深市
	300117,嘉寓股份,深市
	600260,ST凯乐,沪市
	300808,久量股份,深市
	002965,祥鑫科技,深市
	300775,三角防务,深市
	002868,绿康生化,深市
	301053,远信工业,深市
	601956,东贝集团,沪市
	300350,华鹏飞,深市
	600740,山西焦化,沪市
	600783,鲁信创投,沪市
	002124,天邦股份,深市
	300985,致远新能,深市
	605178,时空科技,沪市
	000912,泸天化,深市
	300108,吉药控股,深市
	300050,世纪鼎利,深市
	300558,贝达药业,深市
	002836,新宏泽,深市
	300151,昌红科技,深市
	000498,山东路桥,深市
	300725,药石科技,深市
	300806,斯迪克,深市
	300473,德尔股份,深市
	000539,粤电力A,深市
	002451,摩恩电气,深市
	300068,南都电源,深市
	002540,亚太科技,深市
	002550,千红制药,深市
	002631,德尔未来,深市
	300244,迪安诊断,深市
	300209,天泽信息,深市
	002489,浙江永强,深市
	600802,福建水泥,沪市
	300716,国立科技,深市
	000425,徐工机械,深市
	002034,旺能环境,深市
	600107,美尔雅,沪市
	000004,国华网安,深市
	300094,国联水产,深市
	688260,昀冢科技,沪市
	600593,ST圣亚,沪市
	600696,岩石股份,沪市
	002214,大立科技,深市
	603619,中曼石油,沪市
	002128,电投能源,深市
	603777,来伊份,沪市
	603721,中广天择,沪市
	000917,电广传媒,深市
	000059,华锦股份,深市
	300197,节能铁汉,深市
	600679,上海凤凰,沪市
	002366,台海核电,深市
	002261,拓维信息,深市
	002779,中坚科技,深市
	002495,佳隆股份,深市
	300191,潜能恒信,深市
	300464,星徽股份,深市
	603991,至正股份,沪市
	300909,汇创达,深市
	300241,瑞丰光电,深市
	300022,吉峰科技,深市
	300392,腾信股份,深市
	601108,财通证券,沪市
	603667,五洲新春,沪市
	600722,金牛化工,沪市
	300525,博思软件,深市
	002331,皖通科技,深市
	300150,世纪瑞尔,深市
	300254,仟源医药,深市
	300276,三丰智能,深市
	603011,合锻智能,沪市
	300663,科蓝软件,深市
	600160,巨化股份,沪市
	600100,同方股份,沪市
	002021,ST中捷,深市
	600215,派斯林,沪市
	300454,深信服,深市
	300807,天迈科技,深市
	002255,海陆重工,深市
	000850,华茂股份,深市
	601599,浙文影业,沪市
	603196,日播时尚,沪市
	603226,菲林格尔,沪市
	603009,北特科技,沪市
	300511,雪榕生物,深市
	300118,东方日升,深市
	300180,华峰超纤,深市
	002722,金轮股份,深市
	300116,保力新,深市
	002441,众业达,深市
	002637,赞宇科技,深市
	002845,同兴达,深市
	002985,北摩高科,深市
	300995,奇德新材,深市
	300085,银之杰,深市
	300178,ST腾邦,深市
	000888,峨眉山A,深市
	600149,廊坊发展,沪市
	603976,正川股份,沪市
	002760,凤形股份,深市
	300476,胜宏科技,深市
	002213,大为股份,深市
	600439,瑞贝卡,沪市
	300253,卫宁健康,深市
	301182,凯旺科技,深市
	300297,蓝盾股份,深市
	300382,斯莱克,深市
	600179,安通控股,沪市
	000820,ST节能,深市
	600859,王府井,沪市
	600291,ST西水,沪市
	002741,光华科技,深市
	300611,美力科技,深市
	300618,寒锐钴业,深市
	300479,神思电子,深市
	300779,惠城环保,深市
	301169,零点有数,深市
	603002,宏昌电子,沪市
	002235,安妮股份,深市
	300014,亿纬锂能,深市
	002390,信邦制药,深市
	000997,新大陆,深市
	000930,中粮科技,深市
	002125,湘潭电化,深市
	002176,江特电机,深市
	600569,安阳钢铁,沪市
	300710,万隆光电,深市
	601101,昊华能源,沪市
	300010,豆神教育,深市
	600664,哈药股份,沪市
	600035,楚天高速,沪市
	000151,中成股份,深市
	300177,中海达,深市
	301077,星华反光,深市
	002104,恒宝股份,深市
	300005,探路者,深市
	300203,聚光科技,深市
	300199,翰宇药业,深市
	300018,中元股份,深市
	301235,华康医疗,深市
	300352,北信源,深市
	300912,凯龙高科,深市
	000510,新金路,深市
	002719,麦趣尔,深市
	300422,博世科,深市
	601177,杭齿前进,沪市
	002203,海亮股份,深市
	002090,金智科技,深市
	603822,嘉澳环保,沪市
	603208,江山欧派,沪市
	002646,天佑德酒,深市
	002505,鹏都农牧,深市
	000687,ST华讯,深市
	300796,贝斯美,深市
	002527,新时达,深市
	300080,易成新能,深市
	601989,中国重工,沪市
	600261,阳光照明,沪市
	600381,青海春天,沪市
	600265,ST景谷,沪市
	000860,顺鑫农业,深市
	002638,勤上股份,深市
	000025,特力A,深市
	002181,粤传媒,深市
	300356,ST光一,深市
	300386,飞天诚信,深市
	300803,指南针,深市
	300894,火星人,深市
	002906,华阳集团,深市
	300399,天利科技,深市
	300451,创业慧康,深市
	300260,新莱应材,深市
	300139,晓程科技,深市
	601168,西部矿业,沪市
	600226,ST瀚叶,沪市
	300176,派生科技,深市
	300335,迪森股份,深市
	002105,信隆健康,深市
	601116,三江购物,沪市
	300370,ST安控,深市
	300140,中环装备,深市
	300426,唐德影视,深市
	300833,浩洋股份,深市
	301228,实朴检测,深市
	300189,神农科技,深市
	002656,ST摩登,深市
	300683,海特生物,深市
	300240,飞力达,深市
	300472,新元科技,深市
	300545,联得装备,深市
	300334,津膜科技,深市
	002316,亚联发展,深市
	300404,博济医药,深市
	300461,田中精机,深市
	300719,安达维尔,深市
	300043,星辉娱乐,深市
	300475,香农芯创,深市
	300051,ST三五,深市
	300841,康华生物,深市
	300523,辰安科技,深市
	002197,证通电子,深市
	300462,华铭智能,深市
	300262,巴安水务,深市
	300898,熊猫乳品,深市
	301099,雅创电子,深市
	300061,旗天科技,深市
	300148,天舟文化,深市
	300369,绿盟科技,深市
	300613,富瀚微,深市
	300623,捷捷微电,深市
	300849,锦盛新材,深市
	301180,万祥科技,深市
	600293,三峡新材,沪市
	002613,北玻股份,深市
	300836,佰奥智能,深市
	300460,惠伦晶体,深市
	300331,苏大维格,深市
	300071,ST嘉信,深市
	300076,GQY视讯,深市
	300966,共同药业,深市
	601700,风范股份,沪市
	000960,锡业股份,深市
	300671,富满微,深市
	300497,富祥药业,深市
	300477,合纵科技,深市
	300607,拓斯达,深市
	603203,快克股份,沪市
	301029,怡合达,深市
	002427,ST尤夫,深市
	688580,伟思医疗,沪市
	000931,中关村,深市
	600865,百大集团,沪市
	600367,红星发展,沪市
	601665,齐鲁银行,沪市
	603586,金麒麟,沪市
	605033,美邦股份,沪市
	002408,齐翔腾达,深市
	301073,君亭酒店,深市
	003021,兆威机电,深市
	002599,盛通股份,深市
	002992,宝明科技,深市
	600726,华电能源,沪市
	600719,大连热电,沪市
	688699,明微电子,沪市
	603486,科沃斯,沪市
	603803,瑞斯康达,沪市
	603989,艾华集团,沪市
	301093,华兰股份,深市
	300600,国瑞科技,深市
	603416,信捷电气,沪市
	600613,神奇制药,沪市
	600678,四川金顶,沪市
	002881,美格智能,深市
	002344,海宁皮城,深市
	002632,道明光学,深市
	002180,纳思达,深市
	300318,博晖创新,深市
	605376,博迁新材,沪市
	002922,伊戈尔,深市
	603008,喜临门,沪市
	601888,中国中免,沪市
	000027,深圳能源,深市
	000757,浩物股份,深市
	000686,东北证券,深市
	600139,ST西源,沪市
	603379,三美股份,沪市
	300144,宋城演艺,深市
	600091,ST明科,沪市
	000955,欣龙控股,深市
	002888,惠威科技,深市
	600405,动力源,沪市
	002446,盛路通信,深市
	600658,电子城,沪市
	002752,N兴股份,深市
	002624,完美世界,深市
	600697,欧亚集团,沪市
	000531,穗恒运A,深市
	000966,长源电力,深市
	600505,西昌电力,沪市
	600146,ST环球,沪市
	600793,宜宾纸业,沪市
	601825,沪农商行,沪市
	301118,恒光股份,深市
	300397,天和防务,深市
	603225,新凤鸣,沪市
	002483,润邦股份,深市
	300226,上海钢联,深市
	300641,正丹股份,深市
	600568,ST中珠,沪市
	300192,科德教育,深市
	603900,莱绅通灵,沪市
	002816,和科达,深市
	000428,华天酒店,深市
	300325,ST德威,深市
	002895,川恒股份,深市
	300035,中科电气,深市
	002107,沃华医药,深市
	603676,卫信康,沪市
	603289,泰瑞机器,沪市
	301149,隆华新材,深市
	002069,獐子岛,深市
	300232,洲明科技,深市
	002312,川发龙蟒,深市
	300602,飞荣达,深市
	300761,立华股份,深市
	300867,圣元环保,深市
	300288,朗玛信息,深市
	600869,远东股份,沪市
	600527,江南高纤,沪市
	300141,和顺电气,深市
	300889,爱克股份,深市
	300155,安居宝,深市
	300380,安硕信息,深市
	300343,联创股份,深市
	603299,苏盐井神,沪市
	300977,深圳瑞捷,深市
	300219,鸿利智汇,深市
	300145,中金环境,深市
	300930,屹通新材,深市
	301080,百普赛斯,深市
	300279,和晶科技,深市
	300633,开立医疗,深市
	600077,宋都股份,沪市
	600397,安源煤业,沪市
	600004,白云机场,沪市
	601028,玉龙股份,沪市
	300441,鲍斯股份,深市
	603558,健盛集团,沪市
	603833,欧派家居,沪市
	300204,舒泰神,深市
	603689,皖天然气,沪市
	000830,鲁西化工,深市
	300039,上海凯宝,深市
	300969,恒帅股份,深市
	300973,立高食品,深市
	002753,永东股份,深市
	002048,宁波华翔,深市
	002432,九安医疗,深市
	600080,金花股份,沪市
	300187,永清环保,深市
	603948,建业股份,沪市
	601577,长沙银行,沪市
	002238,天威视讯,深市
	301155,海力风电,深市
	300604,长川科技,深市
	603229,奥翔药业,沪市
	300324,旋极信息,深市
	300819,聚杰微纤,深市
	002833,弘亚数控,深市
	601098,中南传媒,沪市
	603599,广信股份,沪市
	300062,中能电气,深市
	002969,嘉美包装,深市
	300942,易瑞生物,深市
	300273,和佳医疗,深市
	300196,长海股份,深市
	300168,万达信息,深市
	002830,名雕股份,深市
	300333,兆日科技,深市
	600982,宁波能源,沪市
	600566,济川药业,沪市
	002588,史丹利,深市
	301078,孩子王,深市
	301048,金鹰重工,深市
	300045,华力创通,深市
	000731,四川美丰,深市
	002350,北京科锐,深市
	300766,每日互动,深市
	002049,紫光国微,深市
	301201,诚达药业,深市
	300918,南山智尚,深市
	000883,湖北能源,深市
	600609,金杯汽车,沪市
	002309,中利集团,深市
	000899,赣能股份,深市
	002756,永兴材料,深市
	001313,粤海饲料,深市
	600351,亚宝药业,沪市
	002086,ST东洋,深市
	000563,陕国投A,深市
	300376,易事特,深市
	000799,酒鬼酒,深市
	603456,九洲药业,沪市
	002714,牧原股份,深市
	300584,海辰药业,深市
	600917,重庆燃气,沪市
	002291,星期六,深市
	000701,厦门信达,深市
	002670,国盛金控,深市
	300839,博汇股份,深市
	300503,昊志机电,深市
	600493,凤竹纺织,沪市
	300403,汉宇集团,深市
	603489,八方股份,沪市
	300967,晓鸣股份,深市
	300825,阿尔特,深市
	300809,华辰装备,深市
	300054,鼎龙股份,深市
	600180,瑞茂通,沪市
	002864,盘龙药业,深市
	605369,拱东医疗,沪市
	300358,楚天科技,深市
	000509,ST华塑,深市
	300107,建新股份,深市
	300328,宜安科技,深市
	300221,银禧科技,深市
	002823,凯中精密,深市
	002142,宁波银行,深市
	300415,伊之密,深市
	601388,怡球资源,沪市
	300820,英杰电气,深市
	300770,新媒股份,深市
	300170,汉得信息,深市
	300440,运达科技,深市
	600075,新疆天业,沪市
	688098,申联生物,沪市
	603663,三祥新材,沪市
	000573,粤宏远A,深市
	603995,甬金股份,沪市
	601011,宝泰隆,沪市
	000557,西部创业,深市
	300298,三诺生物,深市
	000630,铜陵有色,深市
	002539,云图控股,深市
	002989,中天精装,深市
	603032,ST德新,沪市
	300162,雷曼光电,深市
	300655,晶瑞电材,深市
	000677,恒天海龙,深市
	300556,丝路视觉,深市
	300916,朗特智能,深市
	300263,隆华科技,深市
	300395,菲利华,深市
	300283,温州宏丰,深市
	300956,英力股份,深市
	300269,ST联建,深市
	300430,诚益通,深市
	002627,三峡旅游,深市
	300366,创意信息,深市
	301185,鸥玛软件,深市
	300699,光威复材,深市
	300332,天壕环境,深市
	002929,润建股份,深市
	002371,北方华创,深市
	600479,千金药业,沪市
	300409,道氏技术,深市
	002657,中科金财,深市
	002615,哈尔斯,深市
	002444,巨星科技,深市
	600812,华北制药,沪市
	002775,文科园林,深市
	002827,高争民爆,深市
	002933,新兴装备,深市
	000668,荣丰控股,深市
	002521,齐峰新材,深市
	601918,新集能源,沪市
	300349,金卡智能,深市
	000526,学大教育,深市
	600854,春兰股份,沪市
	603213,镇洋发展,沪市
	000950,重药控股,深市
	000156,华数传媒,深市
	300868,杰美特,深市
	601965,中国汽研,沪市
	000570,苏常柴A,深市
	603010,万盛股份,沪市
	002738,中矿资源,深市
	603053,成都燃气,沪市
	600325,华发股份,沪市
	600246,万通发展,沪市
	002271,东方雨虹,深市
	002196,方正电机,深市
	603816,顾家家居,沪市
	001227,兰州银行,深市
	000922,佳电股份,深市
	300553,集智股份,深市
	300752,隆利科技,深市
	003025,思进智能,深市
	300696,爱乐达,深市
	603005,晶方科技,沪市
	600572,康恩贝,沪市
	605399,晨光新材,沪市
	300099,精准信息,深市
	300855,图南股份,深市
	301206,三元生物,深市
	300643,万通智控,深市
	300459,汤姆猫,深市
	300238,冠昊生物,深市
	300763,锦浪科技,深市
	300207,欣旺达,深市
	601952,苏垦农发,沪市
	600629,华建集团,沪市
	300673,佩蒂股份,深市
	603585,苏利股份,沪市
	605222,起帆电缆,沪市
	300082,奥克股份,深市
	603128,华贸物流,沪市
	002171,楚江新材,深市
	603958,哈森股份,沪市
	300737,科顺股份,深市
	300700,岱勒新材,深市
	002911,佛燃能源,深市
	603060,国检集团,沪市
	600919,江苏银行,沪市
	300531,优博讯,深市
	000818,航锦科技,深市
	603799,华友钴业,沪市
	300740,水羊股份,深市
	300572,安车检测,深市
	002274,华昌化工,深市
	603260,合盛硅业,沪市
	600674,川投能源,沪市
	300072,三聚环保,深市
	300813,泰林生物,深市
	300504,天邑股份,深市
	002381,双箭股份,深市
	600010,包钢股份,沪市
	301116,益客食品,深市
	300736,百邦科技,深市
	603323,苏农银行,沪市
	600389,江山股份,沪市
	603067,振华股份,沪市
	600161,天坛生物,沪市
	000906,浙商中拓,深市
	603906,龙蟠科技,沪市
	002713,东易日盛,深市
	002920,德赛西威,深市
	600365,ST通葡,沪市
	300861,美畅股份,深市
	601139,深圳燃气,沪市
	300548,博创科技,深市
	300723,一品红,深市
	001234,泰慕士,深市
	000603,盛达资源,深市
	300863,卡倍亿,深市
	300474,景嘉微,深市
	300171,东富龙,深市
	600048,保利发展,沪市
	301217,铜冠铜箔,深市
	600021,上海电力,沪市
	002109,兴化股份,深市
	603026,石大胜华,沪市
	600023,浙能电力,沪市
	603588,高能环境,沪市
	000723,美锦能源,深市
	001217,华尔泰,深市
	600114,东睦股份,沪市
	002317,众生药业,深市
	300962,中金辐照,深市
	600396,金山股份,沪市
	300778,新城市,深市
	000829,天音控股,深市
	003019,宸展光电,深市
	603916,苏博特,沪市
	300246,宝莱特,深市
	603150,万朗磁塑,沪市
	601838,成都银行,沪市
	002932,明德生物,深市
	300364,中文在线,深市
	600338,西藏珠峰,沪市
	301123,奕东电子,深市
	688173,希荻微,沪市
	300592,华凯创意,深市
	300646,侨源气体,深市
	603176,汇通集团,沪市
	000090,天健集团,深市
	002145,中核钛白,深市
	301158,德石股份,深市
	301117,佳缘科技,深市
	603230,内蒙新华,沪市
	301159,三维天地,深市
	600927,永安期货,沪市
	301190,善水科技,深市
	301136,招标股份,深市
	300586,美联新材,深市
	301196,唯科科技,深市
	603216,梦天家居,沪市
	301100,风光股份,深市
	301101,明月镜片,深市
	301138,华研精机,深市
	301189,奥尼电子,深市
	301166,优宁维,深市
	301186,超达装备,深市
	301193,家联科技,深市
	002601,龙佰集团,深市
	301168,通灵股份,深市
	301111,粤万年青,深市
	301199,迈赫股份,深市
	301126,达嘉维康,深市
	301211,亨迪药业,深市
	301198,喜悦智行,深市
	301221,光庭信息,深市
	001317,三羊马,深市
	301108,洁雅股份,深市
	301133,金钟股份,深市
	001296,长江材料,深市
	301167,建研设计,深市
	603219,富佳股份,沪市
	301213,观想科技,深市
	603048,浙江黎明,沪市
	301178,天亿马,深市
	001267,汇绿生态,深市
	301098,金埔园林,深市
	301119,正强股份,深市
	301128,强瑞技术,深市
	301091,深城交,深市
	603829,洛凯股份,沪市
	605116,奥锐特,沪市
	600104,上汽集团,沪市
	600186,莲花健康,沪市
	000975,银泰黄金,深市
	600158,中体产业,沪市
	002545,东方铁塔,深市
	002568,百润股份,深市
	002251,步步高,深市
	000419,通程控股,深市
	600137,浪莎股份,沪市
	603690,至纯科技,沪市
	002925,盈趣科技,深市
	605128,上海沿浦,沪市
	605266,健之佳,沪市
	603630,拉芳家化,沪市
	605008,长鸿高科,沪市
	002899,英派斯,深市
	603730,岱美股份,沪市
	603517,绝味食品,沪市
	603798,康普顿,沪市
	601019,山东出版,沪市
	002679,福建金森,深市
	000705,浙江震元,深市
	600167,联美控股,沪市
	600220,江苏阳光,沪市
	600064,南京高科,沪市
	601999,出版传媒,沪市
	002093,国脉科技,深市
	600533,栖霞建设,沪市
	603817,海峡环保,沪市
	603883,老百姓,沪市
	603983,丸美股份,沪市
	603529,爱玛科技,沪市
	605100,华丰股份,沪市
	603111,康尼机电,沪市
	002701,奥瑞金,深市
	002589,瑞康医药,深市
	002397,梦洁股份,深市
	002120,韵达股份,深市
	600345,长江通信,沪市
	600266,城建发展,沪市
	600851,海欣股份,沪市
	600153,建发股份,沪市
	600150,中国船舶,沪市
	600363,联创光电,沪市
	000547,航天发展,深市
	603811,诚意药业,沪市
	603520,司太立,沪市
	601366,利群股份,沪市
	002335,科华数据,深市
	002318,久立特材,深市
	600236,桂冠电力,沪市
	601877,正泰电器,沪市
	000710,贝瑞基因,深市
	600637,东方明珠,沪市
	600120,浙江东方,沪市
	600959,江苏有线,沪市
	603020,爱普股份,沪市
	600698,湖南天雁,沪市
	002224,三力士,深市
	002364,中恒电气,深市
	002612,朗姿股份,深市
	600622,光大嘉宝,沪市
	600095,湘财股份,沪市
	000561,烽火电子,深市
	600532,未来股份,沪市
	600229,城市传媒,沪市
	600079,人福医药,沪市
	000998,隆平高科,深市
	603345,安井食品,沪市
	605118,力鼎光电,沪市
	603533,掌阅科技,沪市
	603256,宏和科技,沪市
	605580,恒盛能源,沪市
	603711,香飘飘,沪市
	605133,嵘泰股份,沪市
	601778,晶科科技,沪市
	002459,晶澳科技,深市
	002095,生意宝,深市
	600979,广安爱众,沪市
	002276,万马股份,深市
	600128,弘业股份,沪市
	600468,百利电气,沪市
	000623,吉林敖东,深市
	600736,苏州高新,沪市
	600745,闻泰科技,沪市
	603998,方盛制药,沪市
	002706,良信股份,深市
	603015,弘讯科技,沪市
	603600,永艺股份,沪市
	000333,美的集团,深市
	300201,海伦哲,深市
	605099,共创草坪,沪市
	605318,法狮龙,沪市
	601858,中国科传,沪市
	605060,联德股份,沪市
	600195,中牧股份,沪市
	600333,长春燃气,沪市
	600359,新农开发,沪市
	002886,沃特股份,深市
	000909,数源科技,深市
	600339,中油工程,沪市
	600416,湘电股份,沪市
	603825,华扬联众,沪市
	601606,长城军工,沪市
	603699,纽威股份,沪市
	603650,彤程新材,沪市
	300921,南凌科技,深市
	605333,沪光股份,沪市
	601515,东风股份,沪市
	603920,世运电路,沪市
	601228,广州港,沪市
	601611,中国核建,沪市
	601777,力帆科技,沪市
	601009,南京银行,沪市
	603016,新宏泰,沪市
	600580,卧龙电驱,沪市
	000913,钱江摩托,深市
	601169,北京银行,沪市
	601801,皖新传媒,沪市
	601900,南方传媒,沪市
	002820,桂发祥,深市
	603808,歌力思,沪市
	603636,南威软件,沪市
	600476,湘邮科技,沪市
	002755,奥赛康,深市
	002902,铭普光磁,深市
	600356,恒丰纸业,沪市
	600159,大龙地产,沪市
	600843,上工申贝,沪市
	603666,亿嘉和,沪市
	601086,国芳集团,沪市
	301090,华润材料,深市
	600897,厦门空港,沪市
	002698,博实股份,深市
	000685,中山公用,深市
	600501,航天晨光,沪市
	600072,中船科技,沪市
	600133,东湖高新,沪市
	601698,中国卫通,沪市
	600773,西藏城投,沪市
	002653,海思科,深市
	603336,宏辉果蔬,沪市
	603158,腾龙股份,沪市
	603076,乐惠国际,沪市
	002887,绿茵生态,深市
	605108,同庆楼,沪市
	605196,华通线缆,沪市
	605088,冠盛股份,沪市
	002958,青农商行,深市
	002870,香山股份,深市
	002684,ST猛狮,深市
	002500,山西证券,深市
	300041,回天新材,深市
	002236,大华股份,深市
	600060,海信视像,沪市
	600665,天地源,沪市
	000656,金科股份,深市
	605598,上海港湾,沪市
	603707,健友股份,沪市
	603033,三维股份,沪市
	601997,贵阳银行,沪市
	600551,时代出版,沪市
	600185,格力地产,沪市
	601007,金陵饭店,沪市
	600981,汇鸿集团,沪市
	600369,西南证券,沪市
	600182,SST佳通,沪市
	605555,德昌股份,沪市
	002626,金达威,深市
	603616,韩建河山,沪市
	600731,湖南海利,沪市
	600208,新湖中宝,沪市
	000736,中交地产,深市
	600767,运盛医疗,沪市
	000627,天茂集团,深市
	603556,海兴电力,沪市
	002154,报喜鸟,深市
	002558,巨人网络,深市
	002027,分众传媒,深市
	002695,煌上煌,深市
	603757,大元泵业,沪市
	603580,艾艾精工,沪市
	600277,亿利洁能,沪市
	600489,中金黄金,沪市
	600642,申能股份,沪市
	600455,博通股份,沪市
	600444,国机通用,沪市
	600908,无锡银行,沪市
	603990,麦迪科技,沪市
	603915,国茂股份,沪市
	600776,东方通信,沪市
	600827,百联股份,沪市
	600739,辽宁成大,沪市
	002184,海得控制,深市
	600177,雅戈尔,沪市
	000066,中国长城,深市
	000400,许继电气,深市
	000935,四川双马,深市
	000729,燕京啤酒,深市
	002580,圣阳股份,深市
	601117,中国化学,沪市
	603939,益丰药房,沪市
	601198,东兴证券,沪市
	605228,神通科技,沪市
	603661,恒林股份,沪市
	002930,宏川智慧,深市
	600099,林海股份,沪市
	600582,天地科技,沪市
	600408,ST安泰,沪市
	000625,长安汽车,深市
	600387,ST海越,沪市
	600446,金证股份,沪市
	600769,祥龙电业,沪市
	601368,绿城水务,沪市
	002471,中超控股,深市
	603669,灵康药业,沪市
	002314,南山控股,深市
	603861,白云电器,沪市
	002084,海鸥住工,深市
	601106,中国一重,沪市
	601519,大智慧,沪市
	300213,佳讯飞鸿,深市
	600378,昊华科技,沪市
	600201,生物股份,沪市
	000632,三木集团,深市
	600903,贵州燃气,沪市
	603511,爱慕股份,沪市
	603638,艾迪精密,沪市
	600928,西安银行,沪市
	300854,中兰环保,深市
	301001,凯淳股份,深市
	001288,运机集团,深市
	605303,园林股份,沪市
	300493,润欣科技,深市
	300569,天能重工,深市
	300063,天龙集团,深市
	002133,广宇集团,深市
	600567,山鹰国际,沪市
	600757,长江传媒,沪市
	603331,百达精工,沪市
	603970,中农立华,沪市
	300792,壹网壹创,深市
	605055,迎丰股份,沪市
	603868,飞科电器,沪市
	002857,三晖电气,深市
	300042,朗科科技,深市
	300075,数字政通,深市
	002016,世荣兆业,深市
	000758,中色股份,深市
	000030,富奥股份,深市
	000061,农产品,深市
	603129,春风动力,沪市
	603895,天永智能,沪市
	002893,华通热力,深市
	603283,赛腾股份,沪市
	002927,泰永长征,深市
	300903,科翔股份,深市
	300649,杭州园林,深市
	300143,盈康生命,深市
	300447,全信股份,深市
	300106,西部牧业,深市
	000926,福星股份,深市
	000560,我爱我家,深市
	603790,雅运股份,沪市
	605068,明新旭腾,沪市
	300166,东方国信,深市
	301017,漱玉平民,深市
	603686,福龙马,沪市
	605300,佳禾食品,沪市
	600190,锦州港,沪市
	600868,梅雁吉祥,沪市
	002003,伟星股份,深市
	002750,龙津药业,深市
	002832,比音勒芬,深市
	603639,海利尔,沪市
	300576,容大感光,深市
	603159,上海亚虹,沪市
	002890,弘宇股份,深市
	601010,文峰股份,沪市
	002487,大金重工,深市
	603366,日出东方,沪市
	601012,隆基股份,沪市
	600053,九鼎投资,沪市
	600162,香江控股,沪市
	000006,深振业A,深市
	600491,龙元建设,沪市
	002956,西麦食品,深市
	603706,东方环宇,沪市
	600990,四创电子,沪市
	600755,厦门国贸,沪市
	600116,三峡水利,沪市
	002077,大港股份,深市
	002303,美盈森,深市
	300664,鹏鹞环保,深市
	002676,顺威股份,深市
	601163,三角轮胎,沪市
	603629,利通电子,沪市
	300746,汉嘉设计,深市
	603768,常青股份,沪市
	300883,龙利得,深市
	603566,普莱柯,沪市
	002406,远东传动,深市
	002769,普路通,深市
	603628,清源股份,沪市
	002074,国轩高科,深市
	603036,如通股份,沪市
	300429,强力新材,深市
	300724,捷佳伟创,深市
	002919,名臣健康,深市
	002935,天奥电子,深市
	603136,天目湖,沪市
	300739,明阳电路,深市
	600683,京投发展,沪市
	600737,中粮糖业,沪市
	002687,乔治白,深市
	300777,中简科技,深市
	300510,金冠股份,深市
	002828,贝肯能源,深市
	605199,葫芦娃,沪市
	603739,蔚蓝生物,沪市
	301087,可孚医疗,深市
	300881,盛德鑫泰,深市
	603266,天龙股份,沪市
	300882,万胜智能,深市
	603823,百合花,沪市
	002602,世纪华通,深市
	300566,激智科技,深市
	603041,美思德,沪市
	600577,精达股份,沪市
	600283,钱江水利,沪市
	002193,如意集团,深市
	600764,中国海防,沪市
	603937,丽岛新材,沪市
	605398,新炬网络,沪市
	300762,上海瀚讯,深市
	605005,合兴股份,沪市
	600703,三安光电,沪市
	600388,龙净环保,沪市
	000681,视觉中国,深市
	600693,东百集团,沪市
	002747,埃斯顿,深市
	002763,汇洁股份,深市
	002199,东晶电子,深市
	301062,上海艾录,深市
	603488,展鹏科技,沪市
	300869,康泰医学,深市
	300547,川环科技,深市
	300925,法本信息,深市
	603698,航天工程,沪市
	603228,景旺电子,沪市
	603096,新经典,沪市
	002884,凌霄泵业,深市
	603786,科博达,沪市
	603530,神马电力,沪市
	002246,北化股份,深市
	300274,阳光电源,深市
	603618,杭电股份,沪市
	300561,汇金科技,深市
	300570,太辰光,深市
	600482,中国动力,沪市
	600823,世茂股份,沪市
	600536,中国软件,沪市
	600628,新世界,沪市
	600031,三一重工,沪市
	600887,伊利股份,沪市
	300133,华策影视,深市
	603000,人民网,沪市
	300550,和仁科技,深市
	300635,中达安,深市
	300567,精测电子,深市
	002767,先锋电子,深市
	002788,鹭燕医药,深市
	603843,正平股份,沪市
	300928,华安鑫创,深市
	300589,江龙船艇,深市
	603316,诚邦股份,沪市
	603500,祥和实业,沪市
	603888,新华网,沪市
	301038,深水规院,深市
	603351,威尔药业,沪市
	300564,筑博设计,深市
	300776,帝尔激光,深市
	300729,乐歌股份,深市
	600562,国睿科技,沪市
	600452,涪陵电力,沪市
	600831,广电网络,沪市
	000554,泰山石油,深市
	000831,五矿稀土,深市
	300137,先河环保,深市
	300017,网宿科技,深市
	603936,博敏电子,沪市
	002411,延安必康,深市
	600741,华域汽车,沪市
	600373,中文传媒,沪市
	600604,市北高新,沪市
	600894,广日股份,沪市
	600478,科力远,沪市
	002452,长高集团,深市
	300421,力星股份,深市
	002600,领益智造,深市
	002655,共达电声,深市
	300231,银信科技,深市
	603682,锦和商业,沪市
	002768,国恩股份,深市
	300730,科创信息,深市
	300522,世名科技,深市
	300439,美康生物,深市
	603039,泛微网络,沪市
	601669,中国电建,沪市
	000717,韶钢松山,深市
	000996,中国中期,深市
	002244,滨江集团,深市
	002368,太极股份,深市
	603766,隆鑫通用,沪市
	300945,曼卡龙,深市
	601949,中国出版,沪市
	603662,柯力传感,沪市
	003031,中瓷电子,深市
	300814,中富电路,深市
	600880,博瑞传播,沪市
	600352,浙江龙盛,沪市
	601216,君正集团,沪市
	600248,陕西建工,沪市
	603338,浙江鼎力,沪市
	603928,兴业股份,沪市
	605319,无锡振华,沪市
	301043,绿岛风,深市
	601212,白银有色,沪市
	300978,东箭科技,深市
	300920,润阳科技,深市
	301004,嘉益股份,深市
	301021,英诺激光,深市
	603755,日辰股份,沪市
	605007,五洲特纸,沪市
	603871,嘉友国际,沪市
	603113,金能科技,沪市
	003027,同兴环保,深市
	603396,金辰股份,沪市
	603633,徕木股份,沪市
	600939,重庆建工,沪市
	002809,红墙股份,深市
	002486,嘉麟杰,深市
	600969,郴电国际,沪市
	600708,光明地产,沪市
	601006,大秦铁路,沪市
	300003,乐普医疗,深市
	601218,吉鑫科技,沪市
	002603,以岭药业,深市
	603587,地素时尚,沪市
	603602,纵横通信,沪市
	600106,重庆路桥,沪市
	600503,华丽家族,沪市
	000682,东方电子,深市
	600822,上海物贸,沪市
	002087,新野纺织,深市
	002096,南岭民爆,深市
	603421,鼎信通讯,沪市
	300917,特发服务,深市
	605366,宏柏新材,沪市
	603992,松霖科技,沪市
	300961,深水海纳,深市
	300816,艾可蓝,深市
	002771,真视通,深市
	603583,捷昌驱动,沪市
	603703,盛洋科技,沪市
	300840,酷特智能,深市
	603028,赛福天,沪市
	002098,浔兴股份,深市
	600346,恒力石化,沪市
	300455,康拓红外,深市
	603269,海鸥股份,沪市
	603959,百利科技,沪市
	300280,紫天科技,深市
	300190,维尔利,深市
	002022,科华生物,深市
	300275,梅安森,深市
	300411,金盾股份,深市
	603040,新坐标,沪市
	300452,山河药辅,深市
	001219,青岛食品,深市
	002921,联诚精密,深市
	605011,杭州热电,沪市
	002859,洁美科技,深市
	605287,德才股份,沪市
	605089,味知香,沪市
	605155,西大门,沪市
	300689,澄天伟业,深市
	600968,海油发展,沪市
	603197,保隆科技,沪市
	601929,吉视传媒,沪市
	002835,同为股份,深市
	600513,联环药业,沪市
	600559,老白干酒,沪市
	002038,双鹭药业,深市
	300679,电连技术,深市
	300758,七彩化学,深市
	300950,德固特,深市
	301076,新瀚新材,深市
	603081,大丰实业,沪市
	300660,江苏雷利,深市
	300669,沪宁股份,深市
	002414,高德红外,深市
	600483,福能股份,沪市
	002412,汉森制药,深市
	600223,鲁商发展,沪市
	002037,保利联合,深市
	600285,羚锐制药,沪市
	000828,东莞控股,深市
	600461,洪城环境,沪市
	600800,渤海化学,沪市
	300866,安克创新,深市
	300228,富瑞特装,深市
	600824,益民集团,沪市
	002062,宏润建设,深市
	300113,顺网科技,深市
	300161,华中数控,深市
	600173,卧龙地产,沪市
	000650,仁和药业,深市
	600820,隧道股份,沪市
	000869,张裕A,深市
	600863,内蒙华电,沪市
	000703,恒逸石化,深市
	603286,日盈电子,沪市
	601512,中新集团,沪市
	300621,维业股份,深市
	603968,醋化股份,沪市
	300800,力合科技,深市
	300878,维康药业,深市
	002959,小熊电器,深市
	601921,浙版传媒,沪市
	300913,兆龙互连,深市
	300291,华录百纳,深市
	002737,葵花药业,深市
	603012,创力集团,沪市
	300987,川网传媒,深市
	603701,德宏股份,沪市
	002423,中粮资本,深市
	002815,崇达技术,深市
	600467,好当家,沪市
	002221,东华能源,深市
	000021,深科技,深市
	000823,超声电子,深市
	300536,农尚环境,深市
	601222,林洋能源,沪市
	002953,日丰股份,深市
	603311,金海高科,沪市
	002999,天禾股份,深市
	301010,晶雪节能,深市
	301079,邵阳液压,深市
	603332,苏州龙杰,沪市
	300922,天秦装备,深市
	603681,永冠新材,沪市
	003040,楚天龙,深市
	603917,合力科技,沪市
	300832,新产业,深市
	603611,诺力股份,沪市
	000153,丰原药业,深市
	000612,焦作万方,深市
	600297,广汇汽车,沪市
	300911,亿田智能,深市
	300634,彩讯股份,深市
	300976,达瑞电子,深市
	300964,本川智能,深市
	603696,安记食品,沪市
	600280,中央商场,沪市
	600967,内蒙一机,沪市
	600556,天下秀,沪市
	000886,海南高速,深市
	601199,江南水务,沪市
	603567,珍宝岛,沪市
	603538,美诺华,沪市
	300086,康芝药业,深市
	601188,龙江交通,沪市
	603956,威派格,沪市
	301056,森赫股份,深市
	603955,大千生态,沪市
	003030,祖名股份,深市
	003028,振邦智能,深市
	002871,伟隆股份,深市
	603568,伟明环保,沪市
	002606,大连电瓷,深市
	002617,露笑科技,深市
	300214,日科化学,深市
	300095,华伍股份,深市
	002409,雅克科技,深市
	605158,华达新材,沪市
	603927,中科软,沪市
	605378,野马电池,沪市
	300701,森霸传感,深市
	603348,文灿股份,沪市
	603697,有友食品,沪市
	603365,水星家纺,沪市
	300670,大烨智能,深市
	300616,尚品宅配,深市
	603027,千禾味业,沪市
	603160,汇顶科技,沪市
	301012,扬电科技,深市
	603855,华荣股份,沪市
	603999,读者传媒,沪市
	603089,正裕工业,沪市
	002993,奥海科技,深市
	002896,中大力德,深市
	603328,依顿电子,沪市
	300387,富邦股份,深市
	600692,亚通股份,沪市
	000672,上峰水泥,深市
	000812,陕西金叶,深市
	603085,天成自控,沪市
	605151,西上海,沪市
	605305,中际联合,沪市
	300948,冠中生态,深市
	300884,狄耐克,深市
	601000,唐山港,沪市
	600197,伊力特,沪市
	603001,奥康国际,沪市
	300255,常山药业,深市
	002361,神剑股份,深市
	600725,云维股份,沪市
	300020,银江技术,深市
	300470,中密控股,深市
	002734,利民股份,深市
	605388,均瑶健康,沪市
	603110,东方材料,沪市
	605298,必得科技,沪市
	603879,永悦科技,沪市
	603233,大参林,沪市
	603515,欧普照明,沪市
	002126,银轮股份,深市
	002975,博杰股份,深市
	603728,鸣志电器,沪市
	603353,和顺石油,沪市
	603321,梅轮电梯,沪市
	003042,中农联合,深市
	002307,北新路桥,深市
	601003,柳钢股份,沪市
	300384,三联虹普,深市
	603022,新通联,沪市
	603059,倍加洁,沪市
	603519,立霸股份,沪市
	600055,万东医疗,沪市
	000019,深粮控股,深市
	000551,创元科技,深市
	301019,宁波色母,深市
	603596,伯特利,沪市
	603087,甘李药业,沪市
	300608,思特奇,深市
	603139,康惠制药,沪市
	603192,汇得科技,沪市
	603171,税友股份,沪市
	600594,益佰制药,沪市
	002228,合兴包装,深市
	300491,通合科技,深市
	002634,棒杰股份,深市
	603858,步长制药,沪市
	300388,节能国祯,深市
	600961,株冶集团,沪市
	603949,雪龙集团,沪市
	002995,天地在线,深市
	002990,盛视科技,深市
	603685,晨丰科技,沪市
	300893,松原股份,深市
	300935,盈建科,深市
	300791,仙乐健康,深市
	605090,九丰能源,沪市
	301072,中捷精工,深市
	300844,山水比德,深市
	600398,海澜之家,沪市
	600400,红豆股份,沪市
	600573,惠泉啤酒,沪市
	000881,中广核技,深市
	003005,竞业达,深市
	300858,科拓生物,深市
	300828,锐新科技,深市
	003002,壶化股份,深市
	300693,盛弘股份,深市
	002298,中电兴发,深市
	600877,声光电科,沪市
	600893,航发动力,沪市
	002333,罗普斯金,深市
	300560,中富通,深市
	603869,新智认知,沪市
	603848,好太太,沪市
	603106,恒银科技,沪市
	603579,荣泰健康,沪市
	300983,尤安设计,深市
	605056,咸亨国际,沪市
	002277,友阿股份,深市
	002327,富安娜,深市
	300339,润和软件,深市
	002252,上海莱士,深市
	300065,海兰信,深市
	601668,中国建筑,沪市
	600335,国机汽车,沪市
	301031,中熔电气,深市
	300499,高澜股份,深市
	603108,润达医疗,沪市
	002085,万丰奥威,深市
	600790,轻纺城,沪市
	000042,中洲控股,深市
	301070,开勒股份,深市
	603278,大业股份,沪市
	002082,万邦德,深市
	002425,凯撒文化,深市
	300529,健帆生物,深市
	002531,天顺风能,深市
	603308,应流股份,沪市
	002523,天桥起重,深市
	300991,创益通,深市
	300931,通用电梯,深市
	002800,天顺股份,深市
	300735,光弘科技,深市
	300959,线上线下,深市
	002395,双象股份,深市
	002593,日上集团,深市
	002743,富煌钢构,深市
	600576,祥源文化,沪市
	300830,金现代,深市
	603867,新化股份,沪市
	002831,裕同科技,深市
	300963,中洲特材,深市
	002991,甘源食品,深市
	300901,中胤时尚,深市
	001213,中铁特货,深市
	301067,显盈科技,深市
	300932,三友联众,深市
	000605,渤海股份,深市
	600371,万向德农,沪市
	600864,哈投股份,沪市
	600633,浙数文化,沪市
	603903,中持股份,沪市
	300992,泰福泵业,深市
	605500,森林包装,沪市
	300717,华信新材,深市
	300527,中船应急,深市
	600517,国网英大,沪市
	002035,华帝股份,深市
	000718,苏宁环球,深市
	300541,先进数通,深市
	603979,金诚信,沪市
	603306,华懋科技,沪市
	300850,新强联,深市
	603183,建研院,沪市
	300936,中英科技,深市
	300432,富临精工,深市
	002918,蒙娜丽莎,深市
	301030,仕净科技,深市
	300993,玉马遮阳,深市
	000036,华联控股,深市
	000977,浪潮信息,深市
	300234,开尔新材,深市
	002822,中装建设,深市
	002297,博云新材,深市
	002301,齐心集团,深市
	300768,迪普科技,深市
	300949,奥雅设计,深市
	300941,创识科技,深市
	605218,伟时电子,沪市
	300939,秋田微,深市
	300468,四方精创,深市
	300034,钢研高纳,深市
	002579,中京电子,深市
	600826,兰生股份,沪市
	300031,宝通科技,深市
	000669,ST金鸿,深市
	603080,新疆火炬,沪市
	300509,新美星,深市
	002522,浙江众成,深市
	601579,会稽山,沪市
	002696,百洋股份,深市
	300642,透景生命,深市
	300046,台基股份,深市
	002883,中设股份,深市
	002614,奥佳华,深市
	600262,北方股份,沪市
	300677,英科医疗,深市
	300880,迦南智能,深市
	301033,迈普医学,深市
	300872,天阳科技,深市
	300899,上海凯鑫,深市
	600390,五矿资本,沪市
	002878,元隆雅图,深市
	002281,光迅科技,深市
	300906,日月明,深市
	300986,志特新材,深市
	301058,中粮工科,深市
	603797,联泰环保,沪市
	300396,迪瑞医疗,深市
	000651,格力电器,深市
	002230,科大讯飞,深市
	002304,洋河股份,深市
	601566,九牧王,沪市
	002357,富临运业,深市
	600189,泉阳泉,沪市
	600610,中毅达,沪市
	603277,银都股份,沪市
	301041,金百泽,深市
	300981,中红医疗,深市
	300984,金沃股份,深市
	300793,佳禾智能,深市
	301061,匠心家居,深市
	300892,品渥食品,深市
	301018,申菱环境,深市
	002015,协鑫能科,深市
	300067,安诺其,深市
	000963,华东医药,深市
	603050,科林电气,沪市
	300120,经纬辉开,深市
	301086,鸿富瀚,深市
	300960,通业科技,深市
	301088,戎美股份,深市
	301027,华蓝集团,深市
	002976,瑞玛精密,深市
	300908,仲景食品,深市
	003033,征和工业,深市
	300915,海融科技,深市
	300870,欧陆通,深市
	300951,博硕科技,深市
	301000,肇民科技,深市
	603187,海容冷链,沪市
	301006,迈拓股份,深市
	002065,东华软件,深市
	000517,荣安地产,深市
	002860,星帅尔,深市
	300535,达威股份,深市
	300943,春晖智控,深市
	603200,上海洗霸,沪市
	300738,奥飞数据,深市
	002946,新乳业,深市
	301023,江南奕帆,深市
	001209,洪兴股份,深市
	001215,千味央厨,深市
	300897,山科智能,深市
	605080,浙江自然,沪市
	300111,向日葵,深市
	603980,吉华集团,沪市
	300245,天玑科技,深市
	002353,杰瑞股份,深市
	000777,中核科技,深市
	002102,ST冠福,深市
	002216,三全食品,深市
	300998,宁波方正,深市
	002917,金奥博,深市
	300955,嘉亨家化,深市
	002973,侨银股份,深市
	605255,天普股份,沪市
	605167,利柏特,沪市
	301082,久盛电气,深市
	601399,国机重装,沪市
	605258,协和电子,沪市
	605003,众望布艺,沪市
	603733,仙鹤股份,沪市
	603086,先达股份,沪市
	002296,辉煌科技,深市
	000779,甘咨询,深市
	300448,浩云科技,深市
	002849,威星智能,深市
	603656,泰禾智能,沪市
	301005,超捷股份,深市
	002811,郑中设计,深市
	603218,日月股份,沪市
	300927,江天化学,深市
	605268,王力安防,沪市
	300952,恒辉安防,深市
	600336,澳柯玛,沪市
	300822,贝仕达克,深市
	688628,优利德,沪市
	605589,圣泉集团,沪市
	300684,中石科技,深市
	603315,福鞍股份,沪市
	601789,宁波建工,沪市
	300383,光环新网,深市
	003020,立方制药,深市
	300823,建科机械,深市
	002851,麦格米特,深市
	300435,中泰股份,深市
	603112,华翔股份,沪市
	300172,中电环保,深市
	603969,银龙股份,沪市
	300284,苏交科,深市
	300360,炬华科技,深市
	301063,海锅股份,深市
	605289,罗曼股份,沪市
	300817,双飞股份,深市
	605069,正和生态,沪市
	605018,长华股份,沪市
	300990,同飞股份,深市
	002931,锋龙股份,深市
	300129,泰胜风能,深市
	002036,联创电子,深市
	002688,金河生物,深市
	002979,雷赛智能,深市
	002295,精艺股份,深市
	000411,英特集团,深市
	300648,星云股份,深市
	300542,新晨科技,深市
	003023,彩虹集团,深市
	002987,京北方,深市
	300895,铜牛信息,深市
	605081,太和水,沪市
	002170,芭田股份,深市
	300615,欣天科技,深市
	000989,九芝堂,深市
	003039,顺控发展,深市
	605365,立达信,沪市
	603035,常熟汽饰,沪市
	603105,芯能科技,沪市
	300910,瑞丰新材,深市
	600529,山东药玻,沪市
	600510,黑牡丹,沪市
	603214,爱婴室,沪市
	300015,爱尔眼科,深市
	601890,亚星锚链,沪市
	000923,河钢资源,深市
	002997,瑞鹄模具,深市
	605389,长龄液压,沪市
	301028,东亚机械,深市
	603506,南都物业,沪市
	603232,格尔软件,沪市
	603882,金域医学,沪市
	002962,五方光电,深市
	603926,铁流股份,沪市
	000778,新兴铸管,深市
	000581,威孚高科,深市
	600051,宁波联合,沪市
	000691,亚太实业,深市
	603223,恒通股份,沪市
	300965,恒宇信通,深市
	300774,倍杰特,深市
	301089,拓新药业,深市
	600998,九州通,沪市
	300515,三德科技,深市
	002025,航天电器,深市
	600608,ST沪科,沪市
	603660,苏州科达,沪市
	300837,浙矿股份,深市
	300585,奥联电子,深市
	600520,文一科技,沪市
	002360,同德化工,深市
	600217,中再资环,沪市
	002144,宏达高科,深市
	300651,金陵体育,深市
	603759,海天股份,沪市
	002837,英维克,深市
	603038,华立股份,沪市
	300630,普利制药,深市
	301024,霍普股份,深市
	301065,本立科技,深市
	300482,万孚生物,深市
	002384,东山精密,深市
	002270,华明装备,深市
	002083,孚日股份,深市
	000158,常山北明,深市
	301032,新柴股份,深市
	605336,帅丰电器,沪市
	300947,德必集团,深市
	605588,冠石科技,沪市
	301042,安联锐视,深市
	300826,测绘股份,深市
	300971,博亚精工,深市
	300691,联合光电,深市
	300136,信维通信,深市
	003041,真爱美家,深市
	300989,蕾奥规划,深市
	601616,广电电气,沪市
	300193,佳士科技,深市
	002208,合肥城建,深市
	000958,东方能源,深市
	300994,久祺股份,深市
	603516,淳中科技,沪市
	300665,飞鹿股份,深市
	300879,大叶股份,深市
	603590,康辰药业,沪市
	301022,海泰科,深市
	300797,钢研纳克,深市
	000020,深华发A,深市
	000652,泰达股份,深市
	000155,川能动力,深市
	000652,泰达股份,深市
	000020,深华发A,深市
	002010,传化智联,深市
	300100,双林股份,深市
	002998,优彩资源,深市
	301036,双乐股份,深市
	002518,科士达,深市
	001208,华菱线缆,深市
	003032,传智教育,深市
	002825,纳尔股份,深市
	002826,易明医药,深市
	000593,德龙汇能,深市
	000788,北大医药,深市
	003029,吉大正元,深市
	003001,中岩大地,深市
	002892,科力尔,深市
	003015,日久光电,深市
	603569,长久物流,沪市
	000639,西王食品,深市
	002972,科安达,深市
	001211,双枪科技,深市
	300342,天银机电,深市
	002097,山河智能,深市
	002160,常铝股份,深市
	000663,永安林业,深市
	002562,兄弟科技,深市
	600497,驰宏锌锗,沪市
	001210,金房节能,深市
	300257,开山股份,深市
	000920,沃顿科技,深市
	300780,德恩精工,深市
	300789,唐源电气,深市
	300632,光莆股份,深市
	001212,中旗新材,深市
	002952,亚世光电,深市
	000882,华联股份,深市
	002897,意华股份,深市
	603985,恒润股份,沪市
	002117,东港股份,深市
	000985,大庆华科,深市
	300088,长信科技,深市
	300400,劲拓股份,深市
	600395,盘江股份,沪市
	002757,南兴股份,深市
	002795,永和智控,深市
	001207,联科科技,深市
	002566,益盛药业,深市
	002761,浙江建投,深市
	600988,赤峰黄金,沪市
	000666,经纬纺机,深市
	600477,杭萧钢构,沪市
	002293,罗莱生活,深市
	002885,京泉华,深市
	300695,兆丰股份,深市
	603408,建霖家居,沪市
	605009,豪悦护理,沪市
	603189,网达软件,沪市
	300654,世纪天鸿,深市
	000948,南天信息,深市
	300856,科思股份,深市
	002263,大东南,深市
	601137,博威合金,沪市
	600059,古越龙山,沪市
	300183,东软载波,深市
	002391,长青股份,深市
	000967,盈峰环境,深市
	603383,顶点软件,沪市
	603688,石英股份,沪市
	600742,一汽富维,沪市
	002392,北京利尔,深市
	300958,建工修复,深市
	300773,拉卡拉,深市
	002223,鱼跃医疗,深市
	000753,漳州发展,深市
	000417,合肥百货,深市
	002481,双塔食品,深市
	600148,长春一东,沪市
	002249,大洋电机,深市
	603385,惠达卫浴,沪市
	601609,金田铜业,沪市
	603444,吉比特,沪市
	605288,凯迪股份,沪市
	300864,南大环境,深市
	300070,碧水源,深市
	300668,杰恩设计,深市
	003011,海象新材,深市
	603918,金桥信息,沪市
	603931,格林达,沪市
	001206,依依股份,深市
	605086,龙高股份,沪市
	300812,易天股份,深市
	603309,维力医疗,沪市
	600965,福成股份,沪市
	301025,读客文化,深市
	603637,镇海股份,沪市
	300379,东方通,深市
	300980,祥源新材,深市
	002792,通宇通讯,深市
	002977,天箭科技,深市
	000976,华铁股份,深市
	300923,研奥股份,深市
	600419,天润乳业,沪市
	603617,君禾股份,沪市
	605566,福莱蒽特,沪市
	300507,苏奥传感,深市
	002842,翔鹭钨业,深市
	300802,矩子科技,深市
	600987,航民股份,沪市
	605077,华康股份,沪市
	002983,芯瑞达,深市
	600901,江苏租赁,沪市
	603610,麒盛科技,沪市
	603298,杭叉集团,沪市
	600312,平高电气,沪市
	300783,三只松鼠,深市
	002436,兴森科技,深市
	603788,宁波高发,沪市
	603655,朗博科技,沪市
	002112,三变科技,深市
	002108,沧州明珠,深市
	600276,恒瑞医药,沪市
	301083,百胜智能,深市
	600459,贵研铂业,沪市
	300605,恒锋信息,深市
	300580,贝斯特,深市
	300760,迈瑞医疗,深市
	000848,承德露露,深市
	603607,京华激光,沪市
	300606,金太阳,深市
	300258,精锻科技,深市
	605507,国邦医药,沪市
	603978,深圳新星,沪市
	603118,共进股份,沪市
	002810,山东赫达,深市
	301081,严牌股份,深市
	300079,数码视讯,深市
	000902,新洋丰,深市
	600337,美克家居,沪市
	600475,华光环能,沪市
	300058,蓝色光标,深市
	603377,东方时尚,沪市
	600763,通策医疗,沪市
	603181,皇马科技,沪市
	300492,华图山鼎,深市
